USE [Euratex]
GO
INSERT [dbo].[ASPECT] ([ASPECTNAAM]) VALUES (N'Beverages')
INSERT [dbo].[ASPECT] ([ASPECTNAAM]) VALUES (N'Cereals')
INSERT [dbo].[ASPECT] ([ASPECTNAAM]) VALUES (N'Confections')
INSERT [dbo].[ASPECT] ([ASPECTNAAM]) VALUES (N'Dairy')
INSERT [dbo].[ASPECT] ([ASPECTNAAM]) VALUES (N'Grain')
INSERT [dbo].[ASPECT] ([ASPECTNAAM]) VALUES (N'Meat')
INSERT [dbo].[ASPECT] ([ASPECTNAAM]) VALUES (N'Poultry')
INSERT [dbo].[ASPECT] ([ASPECTNAAM]) VALUES (N'Produce')
INSERT [dbo].[ASPECT] ([ASPECTNAAM]) VALUES (N'Seafood')
INSERT [dbo].[ASPECT] ([ASPECTNAAM]) VALUES (N'Shell fish')
INSERT [dbo].[ASPECT] ([ASPECTNAAM]) VALUES (N'Snails')
INSERT [dbo].[EFFECT] ([EFFECTNAAM]) VALUES (N'Add. Words')
INSERT [dbo].[EFFECT] ([EFFECTNAAM]) VALUES (N'Direct')
INSERT [dbo].[EFFECT] ([EFFECTNAAM]) VALUES (N'Google Adds')
INSERT [dbo].[EFFECT] ([EFFECTNAAM]) VALUES (N'Internet')
INSERT [dbo].[EFFECT] ([EFFECTNAAM]) VALUES (N'Previous Customer')
INSERT [dbo].[EFFECT] ([EFFECTNAAM]) VALUES (N'Sales')
INSERT [dbo].[EFFECT] ([EFFECTNAAM]) VALUES (N'Word of mouth')
INSERT [dbo].[ASPECT_EFFECT] ([ASPECTNAAM], [EFFECTNAAM]) VALUES (N'Cereals', N'Add. Words')
INSERT [dbo].[ASPECT_EFFECT] ([ASPECTNAAM], [EFFECTNAAM]) VALUES (N'Grain', N'Add. Words')
INSERT [dbo].[ASPECT_EFFECT] ([ASPECTNAAM], [EFFECTNAAM]) VALUES (N'Meat', N'Direct')
INSERT [dbo].[ASPECT_EFFECT] ([ASPECTNAAM], [EFFECTNAAM]) VALUES (N'Snails', N'Direct')
INSERT [dbo].[ASPECT_EFFECT] ([ASPECTNAAM], [EFFECTNAAM]) VALUES (N'Dairy', N'Google Adds')
INSERT [dbo].[ASPECT_EFFECT] ([ASPECTNAAM], [EFFECTNAAM]) VALUES (N'Grain', N'Google Adds')
INSERT [dbo].[ASPECT_EFFECT] ([ASPECTNAAM], [EFFECTNAAM]) VALUES (N'Poultry', N'Google Adds')
INSERT [dbo].[ASPECT_EFFECT] ([ASPECTNAAM], [EFFECTNAAM]) VALUES (N'Beverages', N'Internet')
INSERT [dbo].[ASPECT_EFFECT] ([ASPECTNAAM], [EFFECTNAAM]) VALUES (N'Poultry', N'Internet')
INSERT [dbo].[ASPECT_EFFECT] ([ASPECTNAAM], [EFFECTNAAM]) VALUES (N'Seafood', N'Internet')
INSERT [dbo].[ASPECT_EFFECT] ([ASPECTNAAM], [EFFECTNAAM]) VALUES (N'Shell fish', N'Internet')
INSERT [dbo].[ASPECT_EFFECT] ([ASPECTNAAM], [EFFECTNAAM]) VALUES (N'Confections', N'Previous Customer')
INSERT [dbo].[ASPECT_EFFECT] ([ASPECTNAAM], [EFFECTNAAM]) VALUES (N'Produce', N'Previous Customer')
INSERT [dbo].[ASPECT_EFFECT] ([ASPECTNAAM], [EFFECTNAAM]) VALUES (N'Seafood', N'Previous Customer')
INSERT [dbo].[ASPECT_EFFECT] ([ASPECTNAAM], [EFFECTNAAM]) VALUES (N'Shell fish', N'Previous Customer')
INSERT [dbo].[ASPECT_EFFECT] ([ASPECTNAAM], [EFFECTNAAM]) VALUES (N'Confections', N'Sales')
INSERT [dbo].[ASPECT_EFFECT] ([ASPECTNAAM], [EFFECTNAAM]) VALUES (N'Produce', N'Sales')
INSERT [dbo].[ASPECT_EFFECT] ([ASPECTNAAM], [EFFECTNAAM]) VALUES (N'Snails', N'Sales')
INSERT [dbo].[ASPECT_EFFECT] ([ASPECTNAAM], [EFFECTNAAM]) VALUES (N'Cereals', N'Word of mouth')
INSERT [dbo].[ASPECT_EFFECT] ([ASPECTNAAM], [EFFECTNAAM]) VALUES (N'Meat', N'Word of mouth')
INSERT [dbo].[BEDRIJF] ([BEDRIJFSNAAM], [LOCATIE]) VALUES (N'Barglibaquax  ', N'Spain')
INSERT [dbo].[BEDRIJF] ([BEDRIJFSNAAM], [LOCATIE]) VALUES (N'Barrobexor WorldWide Corp.', N'Western Sahara')
INSERT [dbo].[BEDRIJF] ([BEDRIJFSNAAM], [LOCATIE]) VALUES (N'Emhupador International Group', N'Bangladesh')
INSERT [dbo].[BEDRIJF] ([BEDRIJFSNAAM], [LOCATIE]) VALUES (N'Emsipiman WorldWide Inc', N'Liechtenstein')
INSERT [dbo].[BEDRIJF] ([BEDRIJFSNAAM], [LOCATIE]) VALUES (N'Inbanedgin International Inc', N'Haiti')
INSERT [dbo].[BEDRIJF] ([BEDRIJFSNAAM], [LOCATIE]) VALUES (N'Inmunadower WorldWide Corp.', N'American Samoa')
INSERT [dbo].[BEDRIJF] ([BEDRIJFSNAAM], [LOCATIE]) VALUES (N'Insapicover  ', N'Zambia')
INSERT [dbo].[BEDRIJF] ([BEDRIJFSNAAM], [LOCATIE]) VALUES (N'Intanax  ', N'Dominica')
INSERT [dbo].[BEDRIJF] ([BEDRIJFSNAAM], [LOCATIE]) VALUES (N'Monjubegax Holdings Corp.', N'Nauru')
INSERT [dbo].[BEDRIJF] ([BEDRIJFSNAAM], [LOCATIE]) VALUES (N'Monveninin Holdings Corp.', N'Trinidad')
INSERT [dbo].[BEDRIJF] ([BEDRIJFSNAAM], [LOCATIE]) VALUES (N'Monvenollex WorldWide Corp.', N'Denmark')
INSERT [dbo].[BEDRIJF] ([BEDRIJFSNAAM], [LOCATIE]) VALUES (N'Rapdudedgantor WorldWide Company', N'Nepal')
INSERT [dbo].[BEDRIJF] ([BEDRIJFSNAAM], [LOCATIE]) VALUES (N'Surbanupan International ', N'Egypt')
INSERT [dbo].[BEDRIJF] ([BEDRIJFSNAAM], [LOCATIE]) VALUES (N'Thrurobackistor Holdings Inc', N'Madagascar')
INSERT [dbo].[BEDRIJF] ([BEDRIJFSNAAM], [LOCATIE]) VALUES (N'Tupjubexantor Direct Corp.', N'Puerto Rico')
INSERT [dbo].[BEDRIJF] ([BEDRIJFSNAAM], [LOCATIE]) VALUES (N'Tuptumopan International Corp.', N'Uruguay')
INSERT [dbo].[BEDRIJF] ([BEDRIJFSNAAM], [LOCATIE]) VALUES (N'Varquestopentor International Inc', N'Mali')
INSERT [dbo].[BEDRIJF] ([BEDRIJFSNAAM], [LOCATIE]) VALUES (N'Winerewar International ', N'Botswana')
INSERT [dbo].[BEDRIJF] ([BEDRIJFSNAAM], [LOCATIE]) VALUES (N'Winfropilantor International Corp.', N'Macao')
INSERT [dbo].[BEDRIJF] ([BEDRIJFSNAAM], [LOCATIE]) VALUES (N'Zeejubefazz International ', N'Bulgaria')
SET IDENTITY_INSERT [dbo].[PROJECT] ON

INSERT [dbo].[PROJECT] ([PROJECTNUMMER], [BEDRIJFSNAAM], [LOCATIE], [PROJECTOMSCHRIJVING]) VALUES (1, N'Tupjubexantor Direct Corp.', N'Puerto Rico', N'linguens vantis.')
INSERT [dbo].[PROJECT] ([PROJECTNUMMER], [BEDRIJFSNAAM], [LOCATIE], [PROJECTOMSCHRIJVING]) VALUES (2, N'Varquestopentor International Inc', N'Mali', N'plurissimum')
INSERT [dbo].[PROJECT] ([PROJECTNUMMER], [BEDRIJFSNAAM], [LOCATIE], [PROJECTOMSCHRIJVING]) VALUES (3, N'Tuptumopan International Corp.', N'Uruguay', N'Pro')
INSERT [dbo].[PROJECT] ([PROJECTNUMMER], [BEDRIJFSNAAM], [LOCATIE], [PROJECTOMSCHRIJVING]) VALUES (4, N'Rapdudedgantor WorldWide Company', N'Nepal', N'si pladior Longam,')
INSERT [dbo].[PROJECT] ([PROJECTNUMMER], [BEDRIJFSNAAM], [LOCATIE], [PROJECTOMSCHRIJVING]) VALUES (5, N'Inbanedgin International Inc', N'Haiti', N'glavans')
INSERT [dbo].[PROJECT] ([PROJECTNUMMER], [BEDRIJFSNAAM], [LOCATIE], [PROJECTOMSCHRIJVING]) VALUES (6, N'Rapdudedgantor WorldWide Company', N'Nepal', N'novum')
INSERT [dbo].[PROJECT] ([PROJECTNUMMER], [BEDRIJFSNAAM], [LOCATIE], [PROJECTOMSCHRIJVING]) VALUES (7, N'Winfropilantor International Corp.', N'Macao', N'et Versus')
INSERT [dbo].[PROJECT] ([PROJECTNUMMER], [BEDRIJFSNAAM], [LOCATIE], [PROJECTOMSCHRIJVING]) VALUES (8, N'Monjubegax Holdings Corp.', N'Nauru', N'Pro')
INSERT [dbo].[PROJECT] ([PROJECTNUMMER], [BEDRIJFSNAAM], [LOCATIE], [PROJECTOMSCHRIJVING]) VALUES (9, N'Zeejubefazz International ', N'Bulgaria', N'funem. nomen vobis')
INSERT [dbo].[PROJECT] ([PROJECTNUMMER], [BEDRIJFSNAAM], [LOCATIE], [PROJECTOMSCHRIJVING]) VALUES (10, N'Inmunadower WorldWide Corp.', N'American Samoa', N'plorum')
INSERT [dbo].[PROJECT] ([PROJECTNUMMER], [BEDRIJFSNAAM], [LOCATIE], [PROJECTOMSCHRIJVING]) VALUES (11, N'Inmunadower WorldWide Corp.', N'American Samoa', N'linguens gravis')
INSERT [dbo].[PROJECT] ([PROJECTNUMMER], [BEDRIJFSNAAM], [LOCATIE], [PROJECTOMSCHRIJVING]) VALUES (12, N'Monveninin Holdings Corp.', N'Trinidad', N'venit.')
INSERT [dbo].[PROJECT] ([PROJECTNUMMER], [BEDRIJFSNAAM], [LOCATIE], [PROJECTOMSCHRIJVING]) VALUES (13, N'Surbanupan International ', N'Egypt', N'dolorum transit.')
INSERT [dbo].[PROJECT] ([PROJECTNUMMER], [BEDRIJFSNAAM], [LOCATIE], [PROJECTOMSCHRIJVING]) VALUES (14, N'Monveninin Holdings Corp.', N'Trinidad', N'sed pars quantare')
INSERT [dbo].[PROJECT] ([PROJECTNUMMER], [BEDRIJFSNAAM], [LOCATIE], [PROJECTOMSCHRIJVING]) VALUES (15, N'Zeejubefazz International ', N'Bulgaria', N'habitatio apparens')
INSERT [dbo].[PROJECT] ([PROJECTNUMMER], [BEDRIJFSNAAM], [LOCATIE], [PROJECTOMSCHRIJVING]) VALUES (16, N'Barglibaquax  ', N'Spain', N'linguens transit.')
INSERT [dbo].[PROJECT] ([PROJECTNUMMER], [BEDRIJFSNAAM], [LOCATIE], [PROJECTOMSCHRIJVING]) VALUES (17, N'Winerewar International ', N'Botswana', N'in')
INSERT [dbo].[PROJECT] ([PROJECTNUMMER], [BEDRIJFSNAAM], [LOCATIE], [PROJECTOMSCHRIJVING]) VALUES (18, N'Zeejubefazz International ', N'Bulgaria', N'si')
INSERT [dbo].[PROJECT] ([PROJECTNUMMER], [BEDRIJFSNAAM], [LOCATIE], [PROJECTOMSCHRIJVING]) VALUES (19, N'Thrurobackistor Holdings Inc', N'Madagascar', N'egreddior quo')
INSERT [dbo].[PROJECT] ([PROJECTNUMMER], [BEDRIJFSNAAM], [LOCATIE], [PROJECTOMSCHRIJVING]) VALUES (20, N'Insapicover  ', N'Zambia', N'linguens delerium.')
SET IDENTITY_INSERT [dbo].[PROJECT] OFF
INSERT [dbo].[RAPPORT] ([PROJECTNUMMER], [RAPPORTNUMMER], [RAPPORT_TYPE]) VALUES (1, 12, N'Cutomer')
INSERT [dbo].[RAPPORT] ([PROJECTNUMMER], [RAPPORTNUMMER], [RAPPORT_TYPE]) VALUES (2, 0, N'Cutomer')
INSERT [dbo].[RAPPORT] ([PROJECTNUMMER], [RAPPORTNUMMER], [RAPPORT_TYPE]) VALUES (3, 2, N'Cutomer')
INSERT [dbo].[RAPPORT] ([PROJECTNUMMER], [RAPPORTNUMMER], [RAPPORT_TYPE]) VALUES (4, 11, N'Accounting')
INSERT [dbo].[RAPPORT] ([PROJECTNUMMER], [RAPPORTNUMMER], [RAPPORT_TYPE]) VALUES (5, 19, N'Corporate Care')
INSERT [dbo].[RAPPORT] ([PROJECTNUMMER], [RAPPORTNUMMER], [RAPPORT_TYPE]) VALUES (6, 3, N'Prepaid Customer')
INSERT [dbo].[RAPPORT] ([PROJECTNUMMER], [RAPPORTNUMMER], [RAPPORT_TYPE]) VALUES (7, 1, N'NationalSales')
INSERT [dbo].[RAPPORT] ([PROJECTNUMMER], [RAPPORTNUMMER], [RAPPORT_TYPE]) VALUES (8, 18, N'Technical')
INSERT [dbo].[RAPPORT] ([PROJECTNUMMER], [RAPPORTNUMMER], [RAPPORT_TYPE]) VALUES (9, 14, N'Marketing')
INSERT [dbo].[RAPPORT] ([PROJECTNUMMER], [RAPPORTNUMMER], [RAPPORT_TYPE]) VALUES (10, 10, N'Service')
INSERT [dbo].[RAPPORT] ([PROJECTNUMMER], [RAPPORTNUMMER], [RAPPORT_TYPE]) VALUES (11, 4, N'Marketing')
INSERT [dbo].[RAPPORT] ([PROJECTNUMMER], [RAPPORTNUMMER], [RAPPORT_TYPE]) VALUES (12, 7, N'Prepaid Customer')
INSERT [dbo].[RAPPORT] ([PROJECTNUMMER], [RAPPORTNUMMER], [RAPPORT_TYPE]) VALUES (13, 5, N'Marketing')
INSERT [dbo].[RAPPORT] ([PROJECTNUMMER], [RAPPORTNUMMER], [RAPPORT_TYPE]) VALUES (14, 13, N'Accounting')
INSERT [dbo].[RAPPORT] ([PROJECTNUMMER], [RAPPORTNUMMER], [RAPPORT_TYPE]) VALUES (15, 6, N'Marketing')
INSERT [dbo].[RAPPORT] ([PROJECTNUMMER], [RAPPORTNUMMER], [RAPPORT_TYPE]) VALUES (16, 15, N'Marketing')
INSERT [dbo].[RAPPORT] ([PROJECTNUMMER], [RAPPORTNUMMER], [RAPPORT_TYPE]) VALUES (17, 16, N'Cutomer')
INSERT [dbo].[RAPPORT] ([PROJECTNUMMER], [RAPPORTNUMMER], [RAPPORT_TYPE]) VALUES (18, 8, N'Corporate Care')
INSERT [dbo].[RAPPORT] ([PROJECTNUMMER], [RAPPORTNUMMER], [RAPPORT_TYPE]) VALUES (19, 17, N'BusinessSales')
INSERT [dbo].[RAPPORT] ([PROJECTNUMMER], [RAPPORTNUMMER], [RAPPORT_TYPE]) VALUES (20, 9, N'ConsumerSales')
INSERT [dbo].[RISICOREGEL] ([PROJECTNUMMER], [RAPPORTNUMMER], [REGELNUMMER], [ASPECTNAAM], [EFFECTNAAM], [ARBO_ONDERWERP], [RISICO_OMSCHRIJVING_OF_BEVINDING], [HUIDIGE_BEHEERSMAATREGEL], [VOORGESTELDE_ACTIE_OF_VERBETERINGSMAATREGEL], [VOOR_ERNST_VAN_HET_ONGEVAL], [VOOR_KANS_OP_BLOOTSTELLING], [VOOR_KANS_OP_WAARSCHIJNLIJKHEID], [AFWIJKENDE_ACTIE_TER_UITVOERING], [RESTRISICO], [NA_ERNST_VAN_ONGEVAL], [NA_KANS_OP_BLOOTSTELLING], [NA_KANS_OP_WAARSCHIJNLIJKHEID]) VALUES (1, 12, 15, N'Beverages', N'Add. Words', N'Produce', N'plurissimum', N'43189', N'e', CAST(3.00 AS Numeric(9, 2)), CAST(10.00 AS Numeric(9, 2)), CAST(1.00 AS Numeric(9, 2)), N'pars transit.', N'novum', CAST(15.00 AS Numeric(9, 2)), CAST(1.00 AS Numeric(9, 2)), CAST(10.00 AS Numeric(9, 2)))
INSERT [dbo].[RISICOREGEL] ([PROJECTNUMMER], [RAPPORTNUMMER], [REGELNUMMER], [ASPECTNAAM], [EFFECTNAAM], [ARBO_ONDERWERP], [RISICO_OMSCHRIJVING_OF_BEVINDING], [HUIDIGE_BEHEERSMAATREGEL], [VOORGESTELDE_ACTIE_OF_VERBETERINGSMAATREGEL], [VOOR_ERNST_VAN_HET_ONGEVAL], [VOOR_KANS_OP_BLOOTSTELLING], [VOOR_KANS_OP_WAARSCHIJNLIJKHEID], [AFWIJKENDE_ACTIE_TER_UITVOERING], [RESTRISICO], [NA_ERNST_VAN_ONGEVAL], [NA_KANS_OP_BLOOTSTELLING], [NA_KANS_OP_WAARSCHIJNLIJKHEID]) VALUES (2, 0, 19, N'Dairy', N'Google Adds', N'Produce', N'Tam trepicandor', N'38515', N'brevens, quorum', CAST(3.00 AS Numeric(9, 2)), CAST(6.00 AS Numeric(9, 2)), CAST(0.20 AS Numeric(9, 2)), N'vobis', N'linguens', CAST(100.00 AS Numeric(9, 2)), CAST(2.00 AS Numeric(9, 2)), CAST(6.00 AS Numeric(9, 2)))
INSERT [dbo].[RISICOREGEL] ([PROJECTNUMMER], [RAPPORTNUMMER], [REGELNUMMER], [ASPECTNAAM], [EFFECTNAAM], [ARBO_ONDERWERP], [RISICO_OMSCHRIJVING_OF_BEVINDING], [HUIDIGE_BEHEERSMAATREGEL], [VOORGESTELDE_ACTIE_OF_VERBETERINGSMAATREGEL], [VOOR_ERNST_VAN_HET_ONGEVAL], [VOOR_KANS_OP_BLOOTSTELLING], [VOOR_KANS_OP_WAARSCHIJNLIJKHEID], [AFWIJKENDE_ACTIE_TER_UITVOERING], [RESTRISICO], [NA_ERNST_VAN_ONGEVAL], [NA_KANS_OP_BLOOTSTELLING], [NA_KANS_OP_WAARSCHIJNLIJKHEID]) VALUES (3, 2, 10, N'Dairy', N'Google Adds', N'Cereals', N'estum.', N'04113', N'estis', CAST(15.00 AS Numeric(9, 2)), CAST(2.00 AS Numeric(9, 2)), CAST(0.20 AS Numeric(9, 2)), N'quo', N'trepicandor', CAST(40.00 AS Numeric(9, 2)), CAST(3.00 AS Numeric(9, 2)), CAST(0.50 AS Numeric(9, 2)))
INSERT [dbo].[RISICOREGEL] ([PROJECTNUMMER], [RAPPORTNUMMER], [REGELNUMMER], [ASPECTNAAM], [EFFECTNAAM], [ARBO_ONDERWERP], [RISICO_OMSCHRIJVING_OF_BEVINDING], [HUIDIGE_BEHEERSMAATREGEL], [VOORGESTELDE_ACTIE_OF_VERBETERINGSMAATREGEL], [VOOR_ERNST_VAN_HET_ONGEVAL], [VOOR_KANS_OP_BLOOTSTELLING], [VOOR_KANS_OP_WAARSCHIJNLIJKHEID], [AFWIJKENDE_ACTIE_TER_UITVOERING], [RESTRISICO], [NA_ERNST_VAN_ONGEVAL], [NA_KANS_OP_BLOOTSTELLING], [NA_KANS_OP_WAARSCHIJNLIJKHEID]) VALUES (4, 11, 4, N'Confections', N'Direct', N'Seafood', N'gravis', N'65309', N'nomen gravis', CAST(1.00 AS Numeric(9, 2)), CAST(3.00 AS Numeric(9, 2)), CAST(0.20 AS Numeric(9, 2)), N'essit.', N'e quo, apparens', CAST(3.00 AS Numeric(9, 2)), CAST(6.00 AS Numeric(9, 2)), CAST(0.50 AS Numeric(9, 2)))
INSERT [dbo].[RISICOREGEL] ([PROJECTNUMMER], [RAPPORTNUMMER], [REGELNUMMER], [ASPECTNAAM], [EFFECTNAAM], [ARBO_ONDERWERP], [RISICO_OMSCHRIJVING_OF_BEVINDING], [HUIDIGE_BEHEERSMAATREGEL], [VOORGESTELDE_ACTIE_OF_VERBETERINGSMAATREGEL], [VOOR_ERNST_VAN_HET_ONGEVAL], [VOOR_KANS_OP_BLOOTSTELLING], [VOOR_KANS_OP_WAARSCHIJNLIJKHEID], [AFWIJKENDE_ACTIE_TER_UITVOERING], [RESTRISICO], [NA_ERNST_VAN_ONGEVAL], [NA_KANS_OP_BLOOTSTELLING], [NA_KANS_OP_WAARSCHIJNLIJKHEID]) VALUES (5, 19, 9, N'Dairy', N'Direct', N'Poultry', N'manifestum cognitio,', N'42456', N'sed', CAST(1.00 AS Numeric(9, 2)), CAST(2.00 AS Numeric(9, 2)), CAST(6.00 AS Numeric(9, 2)), N'delerium. Multum', N'e', CAST(15.00 AS Numeric(9, 2)), CAST(10.00 AS Numeric(9, 2)), CAST(0.50 AS Numeric(9, 2)))
INSERT [dbo].[RISICOREGEL] ([PROJECTNUMMER], [RAPPORTNUMMER], [REGELNUMMER], [ASPECTNAAM], [EFFECTNAAM], [ARBO_ONDERWERP], [RISICO_OMSCHRIJVING_OF_BEVINDING], [HUIDIGE_BEHEERSMAATREGEL], [VOORGESTELDE_ACTIE_OF_VERBETERINGSMAATREGEL], [VOOR_ERNST_VAN_HET_ONGEVAL], [VOOR_KANS_OP_BLOOTSTELLING], [VOOR_KANS_OP_WAARSCHIJNLIJKHEID], [AFWIJKENDE_ACTIE_TER_UITVOERING], [RESTRISICO], [NA_ERNST_VAN_ONGEVAL], [NA_KANS_OP_BLOOTSTELLING], [NA_KANS_OP_WAARSCHIJNLIJKHEID]) VALUES (6, 3, 18, N'Produce', N'Previous Customer', N'Seafood', N'quad', N'79508', N'manifestum', CAST(7.00 AS Numeric(9, 2)), CAST(2.00 AS Numeric(9, 2)), CAST(1.00 AS Numeric(9, 2)), N'quis plorum', N'Et Sed si', CAST(15.00 AS Numeric(9, 2)), CAST(3.00 AS Numeric(9, 2)), CAST(3.00 AS Numeric(9, 2)))
INSERT [dbo].[RISICOREGEL] ([PROJECTNUMMER], [RAPPORTNUMMER], [REGELNUMMER], [ASPECTNAAM], [EFFECTNAAM], [ARBO_ONDERWERP], [RISICO_OMSCHRIJVING_OF_BEVINDING], [HUIDIGE_BEHEERSMAATREGEL], [VOORGESTELDE_ACTIE_OF_VERBETERINGSMAATREGEL], [VOOR_ERNST_VAN_HET_ONGEVAL], [VOOR_KANS_OP_BLOOTSTELLING], [VOOR_KANS_OP_WAARSCHIJNLIJKHEID], [AFWIJKENDE_ACTIE_TER_UITVOERING], [RESTRISICO], [NA_ERNST_VAN_ONGEVAL], [NA_KANS_OP_BLOOTSTELLING], [NA_KANS_OP_WAARSCHIJNLIJKHEID]) VALUES (7, 1, 7, N'Grain', N'Internet', N'Poultry', N'Longam, quantare', N'96919', N'brevens, venit. ut', CAST(7.00 AS Numeric(9, 2)), CAST(10.00 AS Numeric(9, 2)), CAST(1.00 AS Numeric(9, 2)), N'travissimantor', N'egreddior', CAST(100.00 AS Numeric(9, 2)), CAST(2.00 AS Numeric(9, 2)), CAST(10.00 AS Numeric(9, 2)))
INSERT [dbo].[RISICOREGEL] ([PROJECTNUMMER], [RAPPORTNUMMER], [REGELNUMMER], [ASPECTNAAM], [EFFECTNAAM], [ARBO_ONDERWERP], [RISICO_OMSCHRIJVING_OF_BEVINDING], [HUIDIGE_BEHEERSMAATREGEL], [VOORGESTELDE_ACTIE_OF_VERBETERINGSMAATREGEL], [VOOR_ERNST_VAN_HET_ONGEVAL], [VOOR_KANS_OP_BLOOTSTELLING], [VOOR_KANS_OP_WAARSCHIJNLIJKHEID], [AFWIJKENDE_ACTIE_TER_UITVOERING], [RESTRISICO], [NA_ERNST_VAN_ONGEVAL], [NA_KANS_OP_BLOOTSTELLING], [NA_KANS_OP_WAARSCHIJNLIJKHEID]) VALUES (8, 18, 13, N'Meat', N'Internet', N'Produce', N'apparens bono fecit.', N'64618', N'quis', CAST(40.00 AS Numeric(9, 2)), CAST(2.00 AS Numeric(9, 2)), CAST(10.00 AS Numeric(9, 2)), N'quis novum', N'nomen in nomen pars', CAST(7.00 AS Numeric(9, 2)), CAST(10.00 AS Numeric(9, 2)), CAST(3.00 AS Numeric(9, 2)))
INSERT [dbo].[RISICOREGEL] ([PROJECTNUMMER], [RAPPORTNUMMER], [REGELNUMMER], [ASPECTNAAM], [EFFECTNAAM], [ARBO_ONDERWERP], [RISICO_OMSCHRIJVING_OF_BEVINDING], [HUIDIGE_BEHEERSMAATREGEL], [VOORGESTELDE_ACTIE_OF_VERBETERINGSMAATREGEL], [VOOR_ERNST_VAN_HET_ONGEVAL], [VOOR_KANS_OP_BLOOTSTELLING], [VOOR_KANS_OP_WAARSCHIJNLIJKHEID], [AFWIJKENDE_ACTIE_TER_UITVOERING], [RESTRISICO], [NA_ERNST_VAN_ONGEVAL], [NA_KANS_OP_BLOOTSTELLING], [NA_KANS_OP_WAARSCHIJNLIJKHEID]) VALUES (9, 14, 11, N'Meat', N'Internet', N'Meat', N'pars', N'76309', N'quad', CAST(15.00 AS Numeric(9, 2)), CAST(2.00 AS Numeric(9, 2)), CAST(0.20 AS Numeric(9, 2)), N'Multum', N'Tam plurissimum et', CAST(1.00 AS Numeric(9, 2)), CAST(6.00 AS Numeric(9, 2)), CAST(3.00 AS Numeric(9, 2)))
INSERT [dbo].[RISICOREGEL] ([PROJECTNUMMER], [RAPPORTNUMMER], [REGELNUMMER], [ASPECTNAAM], [EFFECTNAAM], [ARBO_ONDERWERP], [RISICO_OMSCHRIJVING_OF_BEVINDING], [HUIDIGE_BEHEERSMAATREGEL], [VOORGESTELDE_ACTIE_OF_VERBETERINGSMAATREGEL], [VOOR_ERNST_VAN_HET_ONGEVAL], [VOOR_KANS_OP_BLOOTSTELLING], [VOOR_KANS_OP_WAARSCHIJNLIJKHEID], [AFWIJKENDE_ACTIE_TER_UITVOERING], [RESTRISICO], [NA_ERNST_VAN_ONGEVAL], [NA_KANS_OP_BLOOTSTELLING], [NA_KANS_OP_WAARSCHIJNLIJKHEID]) VALUES (10, 10, 3, N'Poultry', N'Internet', N'Cereals', N'novum', N'52570', N'Multum homo, volcans', CAST(15.00 AS Numeric(9, 2)), CAST(6.00 AS Numeric(9, 2)), CAST(10.00 AS Numeric(9, 2)), N'vantis.', N'imaginator', CAST(1.00 AS Numeric(9, 2)), CAST(1.00 AS Numeric(9, 2)), CAST(1.00 AS Numeric(9, 2)))
INSERT [dbo].[RISICOREGEL] ([PROJECTNUMMER], [RAPPORTNUMMER], [REGELNUMMER], [ASPECTNAAM], [EFFECTNAAM], [ARBO_ONDERWERP], [RISICO_OMSCHRIJVING_OF_BEVINDING], [HUIDIGE_BEHEERSMAATREGEL], [VOORGESTELDE_ACTIE_OF_VERBETERINGSMAATREGEL], [VOOR_ERNST_VAN_HET_ONGEVAL], [VOOR_KANS_OP_BLOOTSTELLING], [VOOR_KANS_OP_WAARSCHIJNLIJKHEID], [AFWIJKENDE_ACTIE_TER_UITVOERING], [RESTRISICO], [NA_ERNST_VAN_ONGEVAL], [NA_KANS_OP_BLOOTSTELLING], [NA_KANS_OP_WAARSCHIJNLIJKHEID]) VALUES (11, 4, 5, N'Poultry', N'Internet', N'Produce', N'Versus', N'80214', N'plorum', CAST(3.00 AS Numeric(9, 2)), CAST(0.50 AS Numeric(9, 2)), CAST(0.20 AS Numeric(9, 2)), N'et', N'plorum Longam,', CAST(7.00 AS Numeric(9, 2)), CAST(1.00 AS Numeric(9, 2)), CAST(0.20 AS Numeric(9, 2)))
INSERT [dbo].[RISICOREGEL] ([PROJECTNUMMER], [RAPPORTNUMMER], [REGELNUMMER], [ASPECTNAAM], [EFFECTNAAM], [ARBO_ONDERWERP], [RISICO_OMSCHRIJVING_OF_BEVINDING], [HUIDIGE_BEHEERSMAATREGEL], [VOORGESTELDE_ACTIE_OF_VERBETERINGSMAATREGEL], [VOOR_ERNST_VAN_HET_ONGEVAL], [VOOR_KANS_OP_BLOOTSTELLING], [VOOR_KANS_OP_WAARSCHIJNLIJKHEID], [AFWIJKENDE_ACTIE_TER_UITVOERING], [RESTRISICO], [NA_ERNST_VAN_ONGEVAL], [NA_KANS_OP_BLOOTSTELLING], [NA_KANS_OP_WAARSCHIJNLIJKHEID]) VALUES (12, 7, 17, N'Snails', N'Word of mouth', N'Dairy', N'sed', N'81909', N'dolorum', CAST(7.00 AS Numeric(9, 2)), CAST(0.50 AS Numeric(9, 2)), CAST(6.00 AS Numeric(9, 2)), N'quo dolorum', N'quorum', CAST(40.00 AS Numeric(9, 2)), CAST(2.00 AS Numeric(9, 2)), CAST(0.20 AS Numeric(9, 2)))
INSERT [dbo].[RISICOREGEL] ([PROJECTNUMMER], [RAPPORTNUMMER], [REGELNUMMER], [ASPECTNAAM], [EFFECTNAAM], [ARBO_ONDERWERP], [RISICO_OMSCHRIJVING_OF_BEVINDING], [HUIDIGE_BEHEERSMAATREGEL], [VOORGESTELDE_ACTIE_OF_VERBETERINGSMAATREGEL], [VOOR_ERNST_VAN_HET_ONGEVAL], [VOOR_KANS_OP_BLOOTSTELLING], [VOOR_KANS_OP_WAARSCHIJNLIJKHEID], [AFWIJKENDE_ACTIE_TER_UITVOERING], [RESTRISICO], [NA_ERNST_VAN_ONGEVAL], [NA_KANS_OP_BLOOTSTELLING], [NA_KANS_OP_WAARSCHIJNLIJKHEID]) VALUES (13, 5, 12, N'Poultry', N'Previous Customer', N'Grain', N'Versus', N'55157', N'Quad rarendum gravis', CAST(7.00 AS Numeric(9, 2)), CAST(0.50 AS Numeric(9, 2)), CAST(6.00 AS Numeric(9, 2)), N'quad imaginator si', N'Longam,', CAST(3.00 AS Numeric(9, 2)), CAST(10.00 AS Numeric(9, 2)), CAST(3.00 AS Numeric(9, 2)))
INSERT [dbo].[RISICOREGEL] ([PROJECTNUMMER], [RAPPORTNUMMER], [REGELNUMMER], [ASPECTNAAM], [EFFECTNAAM], [ARBO_ONDERWERP], [RISICO_OMSCHRIJVING_OF_BEVINDING], [HUIDIGE_BEHEERSMAATREGEL], [VOORGESTELDE_ACTIE_OF_VERBETERINGSMAATREGEL], [VOOR_ERNST_VAN_HET_ONGEVAL], [VOOR_KANS_OP_BLOOTSTELLING], [VOOR_KANS_OP_WAARSCHIJNLIJKHEID], [AFWIJKENDE_ACTIE_TER_UITVOERING], [RESTRISICO], [NA_ERNST_VAN_ONGEVAL], [NA_KANS_OP_BLOOTSTELLING], [NA_KANS_OP_WAARSCHIJNLIJKHEID]) VALUES (14, 13, 2, N'Seafood', N'Sales', N'Beverages', N'vantis.', N'78982', N'quantare', CAST(100.00 AS Numeric(9, 2)), CAST(3.00 AS Numeric(9, 2)), CAST(0.50 AS Numeric(9, 2)), N'quorum quo, e et', N'Id', CAST(40.00 AS Numeric(9, 2)), CAST(3.00 AS Numeric(9, 2)), CAST(0.50 AS Numeric(9, 2)))
INSERT [dbo].[RISICOREGEL] ([PROJECTNUMMER], [RAPPORTNUMMER], [REGELNUMMER], [ASPECTNAAM], [EFFECTNAAM], [ARBO_ONDERWERP], [RISICO_OMSCHRIJVING_OF_BEVINDING], [HUIDIGE_BEHEERSMAATREGEL], [VOORGESTELDE_ACTIE_OF_VERBETERINGSMAATREGEL], [VOOR_ERNST_VAN_HET_ONGEVAL], [VOOR_KANS_OP_BLOOTSTELLING], [VOOR_KANS_OP_WAARSCHIJNLIJKHEID], [AFWIJKENDE_ACTIE_TER_UITVOERING], [RESTRISICO], [NA_ERNST_VAN_ONGEVAL], [NA_KANS_OP_BLOOTSTELLING], [NA_KANS_OP_WAARSCHIJNLIJKHEID]) VALUES (15, 6, 0, N'Produce', N'Sales', N'Dairy', N'habitatio brevens,', N'05125', N'fecundio,', CAST(1.00 AS Numeric(9, 2)), CAST(3.00 AS Numeric(9, 2)), CAST(0.20 AS Numeric(9, 2)), N'sed', N'quad', CAST(40.00 AS Numeric(9, 2)), CAST(1.00 AS Numeric(9, 2)), CAST(6.00 AS Numeric(9, 2)))
INSERT [dbo].[RISICOREGEL] ([PROJECTNUMMER], [RAPPORTNUMMER], [REGELNUMMER], [ASPECTNAAM], [EFFECTNAAM], [ARBO_ONDERWERP], [RISICO_OMSCHRIJVING_OF_BEVINDING], [HUIDIGE_BEHEERSMAATREGEL], [VOORGESTELDE_ACTIE_OF_VERBETERINGSMAATREGEL], [VOOR_ERNST_VAN_HET_ONGEVAL], [VOOR_KANS_OP_BLOOTSTELLING], [VOOR_KANS_OP_WAARSCHIJNLIJKHEID], [AFWIJKENDE_ACTIE_TER_UITVOERING], [RESTRISICO], [NA_ERNST_VAN_ONGEVAL], [NA_KANS_OP_BLOOTSTELLING], [NA_KANS_OP_WAARSCHIJNLIJKHEID]) VALUES (16, 15, 16, N'Shell fish', N'Word of mouth', N'Snails', N'Multum', N'98304', N'nomen', CAST(40.00 AS Numeric(9, 2)), CAST(0.50 AS Numeric(9, 2)), CAST(3.00 AS Numeric(9, 2)), N'si plorum', N'Quad regit,', CAST(15.00 AS Numeric(9, 2)), CAST(0.50 AS Numeric(9, 2)), CAST(1.00 AS Numeric(9, 2)))
INSERT [dbo].[RISICOREGEL] ([PROJECTNUMMER], [RAPPORTNUMMER], [REGELNUMMER], [ASPECTNAAM], [EFFECTNAAM], [ARBO_ONDERWERP], [RISICO_OMSCHRIJVING_OF_BEVINDING], [HUIDIGE_BEHEERSMAATREGEL], [VOORGESTELDE_ACTIE_OF_VERBETERINGSMAATREGEL], [VOOR_ERNST_VAN_HET_ONGEVAL], [VOOR_KANS_OP_BLOOTSTELLING], [VOOR_KANS_OP_WAARSCHIJNLIJKHEID], [AFWIJKENDE_ACTIE_TER_UITVOERING], [RESTRISICO], [NA_ERNST_VAN_ONGEVAL], [NA_KANS_OP_BLOOTSTELLING], [NA_KANS_OP_WAARSCHIJNLIJKHEID]) VALUES (17, 16, 1, N'Seafood', N'Sales', N'Meat', N'esset si volcans', N'40219', N'quad', CAST(15.00 AS Numeric(9, 2)), CAST(10.00 AS Numeric(9, 2)), CAST(0.50 AS Numeric(9, 2)), N'quo, Tam quorum in', N'vobis plorum Pro', CAST(15.00 AS Numeric(9, 2)), CAST(10.00 AS Numeric(9, 2)), CAST(0.50 AS Numeric(9, 2)))
INSERT [dbo].[RISICOREGEL] ([PROJECTNUMMER], [RAPPORTNUMMER], [REGELNUMMER], [ASPECTNAAM], [EFFECTNAAM], [ARBO_ONDERWERP], [RISICO_OMSCHRIJVING_OF_BEVINDING], [HUIDIGE_BEHEERSMAATREGEL], [VOORGESTELDE_ACTIE_OF_VERBETERINGSMAATREGEL], [VOOR_ERNST_VAN_HET_ONGEVAL], [VOOR_KANS_OP_BLOOTSTELLING], [VOOR_KANS_OP_WAARSCHIJNLIJKHEID], [AFWIJKENDE_ACTIE_TER_UITVOERING], [RESTRISICO], [NA_ERNST_VAN_ONGEVAL], [NA_KANS_OP_BLOOTSTELLING], [NA_KANS_OP_WAARSCHIJNLIJKHEID]) VALUES (18, 8, 14, N'Snails', N'Word of mouth', N'Meat', N'quo fecit.', N'53636', N'vobis habitatio', CAST(3.00 AS Numeric(9, 2)), CAST(10.00 AS Numeric(9, 2)), CAST(3.00 AS Numeric(9, 2)), N'quad Longam,', N'quo', CAST(1.00 AS Numeric(9, 2)), CAST(6.00 AS Numeric(9, 2)), CAST(3.00 AS Numeric(9, 2)))
INSERT [dbo].[RISICOREGEL] ([PROJECTNUMMER], [RAPPORTNUMMER], [REGELNUMMER], [ASPECTNAAM], [EFFECTNAAM], [ARBO_ONDERWERP], [RISICO_OMSCHRIJVING_OF_BEVINDING], [HUIDIGE_BEHEERSMAATREGEL], [VOORGESTELDE_ACTIE_OF_VERBETERINGSMAATREGEL], [VOOR_ERNST_VAN_HET_ONGEVAL], [VOOR_KANS_OP_BLOOTSTELLING], [VOOR_KANS_OP_WAARSCHIJNLIJKHEID], [AFWIJKENDE_ACTIE_TER_UITVOERING], [RESTRISICO], [NA_ERNST_VAN_ONGEVAL], [NA_KANS_OP_BLOOTSTELLING], [NA_KANS_OP_WAARSCHIJNLIJKHEID]) VALUES (19, 17, 6, N'Shell fish', N'Word of mouth', N'Meat', N'estis', N'87890', N'volcans', CAST(3.00 AS Numeric(9, 2)), CAST(6.00 AS Numeric(9, 2)), CAST(0.20 AS Numeric(9, 2)), N'plorum transit.', N'non', CAST(7.00 AS Numeric(9, 2)), CAST(6.00 AS Numeric(9, 2)), CAST(0.50 AS Numeric(9, 2)))
INSERT [dbo].[RISICOREGEL] ([PROJECTNUMMER], [RAPPORTNUMMER], [REGELNUMMER], [ASPECTNAAM], [EFFECTNAAM], [ARBO_ONDERWERP], [RISICO_OMSCHRIJVING_OF_BEVINDING], [HUIDIGE_BEHEERSMAATREGEL], [VOORGESTELDE_ACTIE_OF_VERBETERINGSMAATREGEL], [VOOR_ERNST_VAN_HET_ONGEVAL], [VOOR_KANS_OP_BLOOTSTELLING], [VOOR_KANS_OP_WAARSCHIJNLIJKHEID], [AFWIJKENDE_ACTIE_TER_UITVOERING], [RESTRISICO], [NA_ERNST_VAN_ONGEVAL], [NA_KANS_OP_BLOOTSTELLING], [NA_KANS_OP_WAARSCHIJNLIJKHEID]) VALUES (20, 9, 8, N'Snails', N'Word of mouth', N'Produce', N'cognitio, Multum', N'29554', N'non', CAST(3.00 AS Numeric(9, 2)), CAST(2.00 AS Numeric(9, 2)), CAST(3.00 AS Numeric(9, 2)), N'plorum', N'regit,', CAST(1.00 AS Numeric(9, 2)), CAST(1.00 AS Numeric(9, 2)), CAST(1.00 AS Numeric(9, 2)))
INSERT [dbo].[PLAN_VAN_AANPAK] ([PROJECTNUMMER], [RAPPORTNUMMER], [REGELNUMMER], [UITGEVOERD_DOOR], [EINDVERANTWOORDELIJKE], [DATUM_GEREED_GEPLAND], [PBM], [VOORLICHTING], [WERKINSTRUCTIE_PROCEDURE], [TRA], [CONTRACT_LIJST_]) VALUES (1, 12, 15, N'Patrick Heath', N'Tyrone', '01-01-2017', N'et pars rarendum', N'ut non', N'quo, plurissimum', N'Bartanupantor', N'Thrurobadicator')
INSERT [dbo].[PLAN_VAN_AANPAK] ([PROJECTNUMMER], [RAPPORTNUMMER], [REGELNUMMER], [UITGEVOERD_DOOR], [EINDVERANTWOORDELIJKE], [DATUM_GEREED_GEPLAND], [PBM], [VOORLICHTING], [WERKINSTRUCTIE_PROCEDURE], [TRA], [CONTRACT_LIJST_]) VALUES (2, 0, 19, N'Brooke Ferrell', N'Gregg', '01-01-2017', N'non bono', N'e non', N'fecit. quad', N'Ungliban', N'Ciperantor')
INSERT [dbo].[PLAN_VAN_AANPAK] ([PROJECTNUMMER], [RAPPORTNUMMER], [REGELNUMMER], [UITGEVOERD_DOOR], [EINDVERANTWOORDELIJKE], [DATUM_GEREED_GEPLAND], [PBM], [VOORLICHTING], [WERKINSTRUCTIE_PROCEDURE], [TRA], [CONTRACT_LIJST_]) VALUES (3, 2, 10, N'Bobby Casey', N'Celeste', '01-01-2017', N'vobis', N'vantis.', N'Sed et', N'Adsapinistor', N'Grodudistor')
INSERT [dbo].[PLAN_VAN_AANPAK] ([PROJECTNUMMER], [RAPPORTNUMMER], [REGELNUMMER], [UITGEVOERD_DOOR], [EINDVERANTWOORDELIJKE], [DATUM_GEREED_GEPLAND], [PBM], [VOORLICHTING], [WERKINSTRUCTIE_PROCEDURE], [TRA], [CONTRACT_LIJST_]) VALUES (4, 11, 4, N'Jenifer Mendez', N'Donald', '01-01-2017', N'non bono', N'brevens,', N'quartu', N'Dopfropantor', N'Emtanex')
INSERT [dbo].[PLAN_VAN_AANPAK] ([PROJECTNUMMER], [RAPPORTNUMMER], [REGELNUMMER], [UITGEVOERD_DOOR], [EINDVERANTWOORDELIJKE], [DATUM_GEREED_GEPLAND], [PBM], [VOORLICHTING], [WERKINSTRUCTIE_PROCEDURE], [TRA], [CONTRACT_LIJST_]) VALUES (5, 19, 9, N'Tracey Whitney', N'Jocelyn', '01-01-2017', N'linguens venit.', N'sed gravis pladior', N'trepicandor fecit.', NULL, N'Cipcadan')
INSERT [dbo].[PLAN_VAN_AANPAK] ([PROJECTNUMMER], [RAPPORTNUMMER], [REGELNUMMER], [UITGEVOERD_DOOR], [EINDVERANTWOORDELIJKE], [DATUM_GEREED_GEPLAND], [PBM], [VOORLICHTING], [WERKINSTRUCTIE_PROCEDURE], [TRA], [CONTRACT_LIJST_]) VALUES (6, 3, 18, N'Frank Li', N'Bobbie', '01-01-2017', N'plurissimum pars', N'quad habitatio', N'venit.', N'Frovenin', N'Adwerantor')
INSERT [dbo].[PLAN_VAN_AANPAK] ([PROJECTNUMMER], [RAPPORTNUMMER], [REGELNUMMER], [UITGEVOERD_DOOR], [EINDVERANTWOORDELIJKE], [DATUM_GEREED_GEPLAND], [PBM], [VOORLICHTING], [WERKINSTRUCTIE_PROCEDURE], [TRA], [CONTRACT_LIJST_]) VALUES (7, 1, 7, N'Jacob Guerra', N'Penny', '01-01-2017', N'quoque quorum funem.', N'e apparens Pro', N'e brevens, quo,', N'Uphupan', N'Frotinover')
INSERT [dbo].[PLAN_VAN_AANPAK] ([PROJECTNUMMER], [RAPPORTNUMMER], [REGELNUMMER], [UITGEVOERD_DOOR], [EINDVERANTWOORDELIJKE], [DATUM_GEREED_GEPLAND], [PBM], [VOORLICHTING], [WERKINSTRUCTIE_PROCEDURE], [TRA], [CONTRACT_LIJST_]) VALUES (8, 18, 13, N'Anita Mc Neil', N'Peggy', '01-01-2017', N'Quad', N'volcans non dolorum', N'Quad in', N'Surerax', N'Grozapefistor')
INSERT [dbo].[PLAN_VAN_AANPAK] ([PROJECTNUMMER], [RAPPORTNUMMER], [REGELNUMMER], [UITGEVOERD_DOOR], [EINDVERANTWOORDELIJKE], [DATUM_GEREED_GEPLAND], [PBM], [VOORLICHTING], [WERKINSTRUCTIE_PROCEDURE], [TRA], [CONTRACT_LIJST_]) VALUES (9, 14, 11, N'Loretta Webster', N'Tia', '01-01-2017', N'quis non eggredior.', N'nomen gravis ut', N'brevens,', N'Refropan', N'Zeequestedicator')
INSERT [dbo].[PLAN_VAN_AANPAK] ([PROJECTNUMMER], [RAPPORTNUMMER], [REGELNUMMER], [UITGEVOERD_DOOR], [EINDVERANTWOORDELIJKE], [DATUM_GEREED_GEPLAND], [PBM], [VOORLICHTING], [WERKINSTRUCTIE_PROCEDURE], [TRA], [CONTRACT_LIJST_]) VALUES (10, 10, 3, N'Keisha Harrington', N'Peter', '01-01-2017', N'fecit,', N'linguens linguens', N'in quorum', N'Monzapopower', N'Monkilicar')
INSERT [dbo].[PLAN_VAN_AANPAK] ([PROJECTNUMMER], [RAPPORTNUMMER], [REGELNUMMER], [UITGEVOERD_DOOR], [EINDVERANTWOORDELIJKE], [DATUM_GEREED_GEPLAND], [PBM], [VOORLICHTING], [WERKINSTRUCTIE_PROCEDURE], [TRA], [CONTRACT_LIJST_]) VALUES (11, 4, 5, N'Sandy Beck', N'Nelson', '01-01-2017', N'bono brevens,', N'Pro homo, Quad', N'parte quo, fecit.', N'Monweran', N'Trurobollistor')
INSERT [dbo].[PLAN_VAN_AANPAK] ([PROJECTNUMMER], [RAPPORTNUMMER], [REGELNUMMER], [UITGEVOERD_DOOR], [EINDVERANTWOORDELIJKE], [DATUM_GEREED_GEPLAND], [PBM], [VOORLICHTING], [WERKINSTRUCTIE_PROCEDURE], [TRA], [CONTRACT_LIJST_]) VALUES (12, 7, 17, N'Molly Butler', N'Matthew', '01-01-2017', N'venit. si quo', N'fecit,', N'rarendum', N'Cipnipewantor', N'Cipcadan')
INSERT [dbo].[PLAN_VAN_AANPAK] ([PROJECTNUMMER], [RAPPORTNUMMER], [REGELNUMMER], [UITGEVOERD_DOOR], [EINDVERANTWOORDELIJKE], [DATUM_GEREED_GEPLAND], [PBM], [VOORLICHTING], [WERKINSTRUCTIE_PROCEDURE], [TRA], [CONTRACT_LIJST_]) VALUES (13, 5, 12, N'Jason Holmes', N'Micheal', '01-01-2017', N'habitatio', N'vantis. dolorum', N'quartu', N'Tupquestar', N'Emquesticator')
INSERT [dbo].[PLAN_VAN_AANPAK] ([PROJECTNUMMER], [RAPPORTNUMMER], [REGELNUMMER], [UITGEVOERD_DOOR], [EINDVERANTWOORDELIJKE], [DATUM_GEREED_GEPLAND], [PBM], [VOORLICHTING], [WERKINSTRUCTIE_PROCEDURE], [TRA], [CONTRACT_LIJST_]) VALUES (14, 13, 2, N'Anitra Patel', N'Dwayne', '01-01-2017', N'et', N'apparens', N'e', N'Cipnipanan', N'Frodudepax')
INSERT [dbo].[PLAN_VAN_AANPAK] ([PROJECTNUMMER], [RAPPORTNUMMER], [REGELNUMMER], [UITGEVOERD_DOOR], [EINDVERANTWOORDELIJKE], [DATUM_GEREED_GEPLAND], [PBM], [VOORLICHTING], [WERKINSTRUCTIE_PROCEDURE], [TRA], [CONTRACT_LIJST_]) VALUES (15, 6, 0, N'Aaron Adkins', N'Cari', '01-01-2017', N'brevens,', N'trepicandor', N'et', N'Inerupistor', N'Lomdimar')
INSERT [dbo].[PLAN_VAN_AANPAK] ([PROJECTNUMMER], [RAPPORTNUMMER], [REGELNUMMER], [UITGEVOERD_DOOR], [EINDVERANTWOORDELIJKE], [DATUM_GEREED_GEPLAND], [PBM], [VOORLICHTING], [WERKINSTRUCTIE_PROCEDURE], [TRA], [CONTRACT_LIJST_]) VALUES (16, 15, 16, N'Suzanne Sweeney', N'Ronda', '01-01-2017', N'quoque', N'et volcans', N'Multum', N'Insapax', N'Kligliban')
INSERT [dbo].[PLAN_VAN_AANPAK] ([PROJECTNUMMER], [RAPPORTNUMMER], [REGELNUMMER], [UITGEVOERD_DOOR], [EINDVERANTWOORDELIJKE], [DATUM_GEREED_GEPLAND], [PBM], [VOORLICHTING], [WERKINSTRUCTIE_PROCEDURE], [TRA], [CONTRACT_LIJST_]) VALUES (17, 16, 1, N'Howard Harrington', N'Bryan', '01-01-2017', N'esset', N'quad ut', N'travissimantor non', N'Infropower', N'Surpebicantor')
INSERT [dbo].[PLAN_VAN_AANPAK] ([PROJECTNUMMER], [RAPPORTNUMMER], [REGELNUMMER], [UITGEVOERD_DOOR], [EINDVERANTWOORDELIJKE], [DATUM_GEREED_GEPLAND], [PBM], [VOORLICHTING], [WERKINSTRUCTIE_PROCEDURE], [TRA], [CONTRACT_LIJST_]) VALUES (18, 8, 14, N'Brock Grimes', N'Alana', '01-01-2017', N'venit.', N'et quoque Id estis', N'eggredior.', N'Pardimaquantor', N'Grosapexantor')
INSERT [dbo].[PLAN_VAN_AANPAK] ([PROJECTNUMMER], [RAPPORTNUMMER], [REGELNUMMER], [UITGEVOERD_DOOR], [EINDVERANTWOORDELIJKE], [DATUM_GEREED_GEPLAND], [PBM], [VOORLICHTING], [WERKINSTRUCTIE_PROCEDURE], [TRA], [CONTRACT_LIJST_]) VALUES (19, 17, 6, N'Shaun Moody', N'Maria', '01-01-2017', N'delerium. dolorum', N'manifestum', N'quad vantis. pladior', N'Recadicex', N'Vartanackor')
INSERT [dbo].[PLAN_VAN_AANPAK] ([PROJECTNUMMER], [RAPPORTNUMMER], [REGELNUMMER], [UITGEVOERD_DOOR], [EINDVERANTWOORDELIJKE], [DATUM_GEREED_GEPLAND], [PBM], [VOORLICHTING], [WERKINSTRUCTIE_PROCEDURE], [TRA], [CONTRACT_LIJST_]) VALUES (20, 9, 8, N'Christie Wells', N'Noel', '01-01-2017', N'quad', N'et', N'linguens', N'Trumunantor', N'Supjubadower')
INSERT [dbo].[PERIODIEKE_BEOORDELING] ([PROJECTNUMMER], [RAPPORTNUMMER], [REGELNUMMER], [DATUM_LAATSTE_BEOORDELING], [INSPECTIE_IS_DE_ACTIE_UITGEVOERD], [OPMERKING_STAND_VAN_ZAKEN], [STAND_VAN_ZAKEN], [SCORE]) VALUES (1, 12, 15, '01-01-2017', 1, N'Hapkilefistor', N'Tupwerommicator', CAST(94.90 AS Numeric(9, 2)))
INSERT [dbo].[PERIODIEKE_BEOORDELING] ([PROJECTNUMMER], [RAPPORTNUMMER], [REGELNUMMER], [DATUM_LAATSTE_BEOORDELING], [INSPECTIE_IS_DE_ACTIE_UITGEVOERD], [OPMERKING_STAND_VAN_ZAKEN], [STAND_VAN_ZAKEN], [SCORE]) VALUES (2, 0, 19, '01-01-2017', 1, N'Thruquestadex', N'Supmunin', CAST(51.40 AS Numeric(9, 2)))
INSERT [dbo].[PERIODIEKE_BEOORDELING] ([PROJECTNUMMER], [RAPPORTNUMMER], [REGELNUMMER], [DATUM_LAATSTE_BEOORDELING], [INSPECTIE_IS_DE_ACTIE_UITGEVOERD], [OPMERKING_STAND_VAN_ZAKEN], [STAND_VAN_ZAKEN], [SCORE]) VALUES (3, 2, 10, '01-01-2017', 1, N'Zeetanentor', N'Unwerpefazz', CAST(50.93 AS Numeric(9, 2)))
INSERT [dbo].[PERIODIEKE_BEOORDELING] ([PROJECTNUMMER], [RAPPORTNUMMER], [REGELNUMMER], [DATUM_LAATSTE_BEOORDELING], [INSPECTIE_IS_DE_ACTIE_UITGEVOERD], [OPMERKING_STAND_VAN_ZAKEN], [STAND_VAN_ZAKEN], [SCORE]) VALUES (4, 11, 4, '01-01-2017', 0, N'Hapmunover', N'Klihupamantor', CAST(97.35 AS Numeric(9, 2)))
INSERT [dbo].[PERIODIEKE_BEOORDELING] ([PROJECTNUMMER], [RAPPORTNUMMER], [REGELNUMMER], [DATUM_LAATSTE_BEOORDELING], [INSPECTIE_IS_DE_ACTIE_UITGEVOERD], [OPMERKING_STAND_VAN_ZAKEN], [STAND_VAN_ZAKEN], [SCORE]) VALUES (5, 19, 9, '01-01-2017', 0, N'Lomkilplicator', N'Thrutanefin', CAST(86.06 AS Numeric(9, 2)))
INSERT [dbo].[PERIODIEKE_BEOORDELING] ([PROJECTNUMMER], [RAPPORTNUMMER], [REGELNUMMER], [DATUM_LAATSTE_BEOORDELING], [INSPECTIE_IS_DE_ACTIE_UITGEVOERD], [OPMERKING_STAND_VAN_ZAKEN], [STAND_VAN_ZAKEN], [SCORE]) VALUES (6, 3, 18, '01-01-2017', 1, N'Endpickantor', N'Cipdimamower', CAST(46.70 AS Numeric(9, 2)))
INSERT [dbo].[PERIODIEKE_BEOORDELING] ([PROJECTNUMMER], [RAPPORTNUMMER], [REGELNUMMER], [DATUM_LAATSTE_BEOORDELING], [INSPECTIE_IS_DE_ACTIE_UITGEVOERD], [OPMERKING_STAND_VAN_ZAKEN], [STAND_VAN_ZAKEN], [SCORE]) VALUES (7, 1, 7, '01-01-2017', 1, N'Froerupower', N'Tupmunaquantor', CAST(57.81 AS Numeric(9, 2)))
INSERT [dbo].[PERIODIEKE_BEOORDELING] ([PROJECTNUMMER], [RAPPORTNUMMER], [REGELNUMMER], [DATUM_LAATSTE_BEOORDELING], [INSPECTIE_IS_DE_ACTIE_UITGEVOERD], [OPMERKING_STAND_VAN_ZAKEN], [STAND_VAN_ZAKEN], [SCORE]) VALUES (8, 18, 13, '01-01-2017', 1, N'Barcadedistor', N'Monfropicator', CAST(81.83 AS Numeric(9, 2)))
INSERT [dbo].[PERIODIEKE_BEOORDELING] ([PROJECTNUMMER], [RAPPORTNUMMER], [REGELNUMMER], [DATUM_LAATSTE_BEOORDELING], [INSPECTIE_IS_DE_ACTIE_UITGEVOERD], [OPMERKING_STAND_VAN_ZAKEN], [STAND_VAN_ZAKEN], [SCORE]) VALUES (9, 14, 11, '01-01-2017', 0, N'Unpickaquan', N'Doptinin', CAST(19.02 AS Numeric(9, 2)))
INSERT [dbo].[PERIODIEKE_BEOORDELING] ([PROJECTNUMMER], [RAPPORTNUMMER], [REGELNUMMER], [DATUM_LAATSTE_BEOORDELING], [INSPECTIE_IS_DE_ACTIE_UITGEVOERD], [OPMERKING_STAND_VAN_ZAKEN], [STAND_VAN_ZAKEN], [SCORE]) VALUES (10, 10, 3, '01-01-2017', 1, N'Tipjubar', NULL, CAST(88.01 AS Numeric(9, 2)))
INSERT [dbo].[PERIODIEKE_BEOORDELING] ([PROJECTNUMMER], [RAPPORTNUMMER], [REGELNUMMER], [DATUM_LAATSTE_BEOORDELING], [INSPECTIE_IS_DE_ACTIE_UITGEVOERD], [OPMERKING_STAND_VAN_ZAKEN], [STAND_VAN_ZAKEN], [SCORE]) VALUES (11, 4, 5, '01-01-2017', 1, N'Indimplover', N'Trumunanex', CAST(3.29 AS Numeric(9, 2)))
INSERT [dbo].[PERIODIEKE_BEOORDELING] ([PROJECTNUMMER], [RAPPORTNUMMER], [REGELNUMMER], [DATUM_LAATSTE_BEOORDELING], [INSPECTIE_IS_DE_ACTIE_UITGEVOERD], [OPMERKING_STAND_VAN_ZAKEN], [STAND_VAN_ZAKEN], [SCORE]) VALUES (12, 7, 17, '01-01-2017', 0, N'Groweristor', N'Varmunefazz', CAST(73.19 AS Numeric(9, 2)))
INSERT [dbo].[PERIODIEKE_BEOORDELING] ([PROJECTNUMMER], [RAPPORTNUMMER], [REGELNUMMER], [DATUM_LAATSTE_BEOORDELING], [INSPECTIE_IS_DE_ACTIE_UITGEVOERD], [OPMERKING_STAND_VAN_ZAKEN], [STAND_VAN_ZAKEN], [SCORE]) VALUES (13, 5, 12, '01-01-2017', 1, N'Winnipistor', N'Winbanover', CAST(19.42 AS Numeric(9, 2)))
INSERT [dbo].[PERIODIEKE_BEOORDELING] ([PROJECTNUMMER], [RAPPORTNUMMER], [REGELNUMMER], [DATUM_LAATSTE_BEOORDELING], [INSPECTIE_IS_DE_ACTIE_UITGEVOERD], [OPMERKING_STAND_VAN_ZAKEN], [STAND_VAN_ZAKEN], [SCORE]) VALUES (14, 13, 2, '01-01-2017', 1, N'Trubanover', N'Thrupebex', CAST(47.94 AS Numeric(9, 2)))
INSERT [dbo].[PERIODIEKE_BEOORDELING] ([PROJECTNUMMER], [RAPPORTNUMMER], [REGELNUMMER], [DATUM_LAATSTE_BEOORDELING], [INSPECTIE_IS_DE_ACTIE_UITGEVOERD], [OPMERKING_STAND_VAN_ZAKEN], [STAND_VAN_ZAKEN], [SCORE]) VALUES (15, 6, 0, '01-01-2017', 0, N'Thruquestedicator', N'Rapwerantor', CAST(20.08 AS Numeric(9, 2)))
INSERT [dbo].[PERIODIEKE_BEOORDELING] ([PROJECTNUMMER], [RAPPORTNUMMER], [REGELNUMMER], [DATUM_LAATSTE_BEOORDELING], [INSPECTIE_IS_DE_ACTIE_UITGEVOERD], [OPMERKING_STAND_VAN_ZAKEN], [STAND_VAN_ZAKEN], [SCORE]) VALUES (16, 15, 16, '01-01-2017', 0, N'Tupfropower', N'Tipdimanazz', CAST(4.33 AS Numeric(9, 2)))
INSERT [dbo].[PERIODIEKE_BEOORDELING] ([PROJECTNUMMER], [RAPPORTNUMMER], [REGELNUMMER], [DATUM_LAATSTE_BEOORDELING], [INSPECTIE_IS_DE_ACTIE_UITGEVOERD], [OPMERKING_STAND_VAN_ZAKEN], [STAND_VAN_ZAKEN], [SCORE]) VALUES (17, 16, 1, '01-01-2017', 1, N'Cipericator', N'Klidimicator', CAST(17.45 AS Numeric(9, 2)))
INSERT [dbo].[PERIODIEKE_BEOORDELING] ([PROJECTNUMMER], [RAPPORTNUMMER], [REGELNUMMER], [DATUM_LAATSTE_BEOORDELING], [INSPECTIE_IS_DE_ACTIE_UITGEVOERD], [OPMERKING_STAND_VAN_ZAKEN], [STAND_VAN_ZAKEN], [SCORE]) VALUES (18, 8, 14, '01-01-2017', 0, N'Varrobamentor', N'Monbanewantor', CAST(73.79 AS Numeric(9, 2)))
INSERT [dbo].[PERIODIEKE_BEOORDELING] ([PROJECTNUMMER], [RAPPORTNUMMER], [REGELNUMMER], [DATUM_LAATSTE_BEOORDELING], [INSPECTIE_IS_DE_ACTIE_UITGEVOERD], [OPMERKING_STAND_VAN_ZAKEN], [STAND_VAN_ZAKEN], [SCORE]) VALUES (19, 17, 6, '01-01-2017', 0, N'Bareregar', N'Doptinefor', CAST(9.27 AS Numeric(9, 2)))
INSERT [dbo].[PERIODIEKE_BEOORDELING] ([PROJECTNUMMER], [RAPPORTNUMMER], [REGELNUMMER], [DATUM_LAATSTE_BEOORDELING], [INSPECTIE_IS_DE_ACTIE_UITGEVOERD], [OPMERKING_STAND_VAN_ZAKEN], [STAND_VAN_ZAKEN], [SCORE]) VALUES (20, 9, 8, '01-01-2017', 0, N'Dopcadexazz', N'Monpebower', CAST(27.31 AS Numeric(9, 2)))
INSERT [dbo].[VISUELE_BEOORDELING] ([PROJECTNUMMER], [RAPPORTNUMMER], [REGELNUMMER], [PROCES], [MACHINE_ONDERDEEL_], [AFDELING]) VALUES (1, 12, 15, N'quad', N'Thrusipex', N'Accounting')
INSERT [dbo].[VISUELE_BEOORDELING] ([PROJECTNUMMER], [RAPPORTNUMMER], [REGELNUMMER], [PROCES], [MACHINE_ONDERDEEL_], [AFDELING]) VALUES (2, 0, 19, N'apparens', N'Unwerpackin', N'Prepaid Customer')
INSERT [dbo].[VISUELE_BEOORDELING] ([PROJECTNUMMER], [RAPPORTNUMMER], [REGELNUMMER], [PROCES], [MACHINE_ONDERDEEL_], [AFDELING]) VALUES (3, 2, 10, N'si', NULL, N'Technical')
INSERT [dbo].[VISUELE_BEOORDELING] ([PROJECTNUMMER], [RAPPORTNUMMER], [REGELNUMMER], [PROCES], [MACHINE_ONDERDEEL_], [AFDELING]) VALUES (4, 11, 4, N'parte Et', N'Surmunanantor', N'Cutomer')
INSERT [dbo].[VISUELE_BEOORDELING] ([PROJECTNUMMER], [RAPPORTNUMMER], [REGELNUMMER], [PROCES], [MACHINE_ONDERDEEL_], [AFDELING]) VALUES (5, 19, 9, N'si', N'Surerower', N'Sales')
INSERT [dbo].[VISUELE_BEOORDELING] ([PROJECTNUMMER], [RAPPORTNUMMER], [REGELNUMMER], [PROCES], [MACHINE_ONDERDEEL_], [AFDELING]) VALUES (6, 3, 18, N'gravum quis', N'Raphupexicator', N'Service')
INSERT [dbo].[VISUELE_BEOORDELING] ([PROJECTNUMMER], [RAPPORTNUMMER], [REGELNUMMER], [PROCES], [MACHINE_ONDERDEEL_], [AFDELING]) VALUES (7, 1, 7, N'eudis', N'Uptanentor', N'NationalSales')
INSERT [dbo].[VISUELE_BEOORDELING] ([PROJECTNUMMER], [RAPPORTNUMMER], [REGELNUMMER], [PROCES], [MACHINE_ONDERDEEL_], [AFDELING]) VALUES (8, 18, 13, N'et esset eggredior.', N'Tuprobantor', N'Technical')
INSERT [dbo].[VISUELE_BEOORDELING] ([PROJECTNUMMER], [RAPPORTNUMMER], [REGELNUMMER], [PROCES], [MACHINE_ONDERDEEL_], [AFDELING]) VALUES (9, 14, 11, N'Pro quo', N'Hapjubamistor', N'Technical')
INSERT [dbo].[VISUELE_BEOORDELING] ([PROJECTNUMMER], [RAPPORTNUMMER], [REGELNUMMER], [PROCES], [MACHINE_ONDERDEEL_], [AFDELING]) VALUES (10, 10, 3, N'quorum Tam', N'Adquestower', N'Service')
INSERT [dbo].[VISUELE_BEOORDELING] ([PROJECTNUMMER], [RAPPORTNUMMER], [REGELNUMMER], [PROCES], [MACHINE_ONDERDEEL_], [AFDELING]) VALUES (11, 4, 5, N'delerium.', N'Haprobackazz', N'Marketing')
INSERT [dbo].[VISUELE_BEOORDELING] ([PROJECTNUMMER], [RAPPORTNUMMER], [REGELNUMMER], [PROCES], [MACHINE_ONDERDEEL_], [AFDELING]) VALUES (12, 7, 17, N'estis', N'Adjubazz', N'Corporate Care')
INSERT [dbo].[VISUELE_BEOORDELING] ([PROJECTNUMMER], [RAPPORTNUMMER], [REGELNUMMER], [PROCES], [MACHINE_ONDERDEEL_], [AFDELING]) VALUES (13, 5, 12, N'vobis', N'Emrobicar', N'TechnicalSales')
INSERT [dbo].[VISUELE_BEOORDELING] ([PROJECTNUMMER], [RAPPORTNUMMER], [REGELNUMMER], [PROCES], [MACHINE_ONDERDEEL_], [AFDELING]) VALUES (14, 13, 2, N'non', N'Thrupickistor', N'Cutomer')
INSERT [dbo].[VISUELE_BEOORDELING] ([PROJECTNUMMER], [RAPPORTNUMMER], [REGELNUMMER], [PROCES], [MACHINE_ONDERDEEL_], [AFDELING]) VALUES (15, 6, 0, N'vantis.', N'Tipjubanazz', N'Web')
INSERT [dbo].[VISUELE_BEOORDELING] ([PROJECTNUMMER], [RAPPORTNUMMER], [REGELNUMMER], [PROCES], [MACHINE_ONDERDEEL_], [AFDELING]) VALUES (16, 15, 16, N'funem. Multum e', N'Tiptinan', N'Web')
INSERT [dbo].[VISUELE_BEOORDELING] ([PROJECTNUMMER], [RAPPORTNUMMER], [REGELNUMMER], [PROCES], [MACHINE_ONDERDEEL_], [AFDELING]) VALUES (17, 16, 1, N'linguens', N'Groquesticar', N'Web')
INSERT [dbo].[VISUELE_BEOORDELING] ([PROJECTNUMMER], [RAPPORTNUMMER], [REGELNUMMER], [PROCES], [MACHINE_ONDERDEEL_], [AFDELING]) VALUES (18, 8, 14, N'ut novum', N'Frowerpewantor', N'Marketing')
INSERT [dbo].[VISUELE_BEOORDELING] ([PROJECTNUMMER], [RAPPORTNUMMER], [REGELNUMMER], [PROCES], [MACHINE_ONDERDEEL_], [AFDELING]) VALUES (19, 17, 6, N'bono brevens,', N'Incadantor', N'Marketing')
INSERT [dbo].[VISUELE_BEOORDELING] ([PROJECTNUMMER], [RAPPORTNUMMER], [REGELNUMMER], [PROCES], [MACHINE_ONDERDEEL_], [AFDELING]) VALUES (20, 9, 8, N'cognitio, ut regit,', N'Rapsapover', N'Cutomer')
INSERT [dbo].[AFBEELDING] ([URL], [PROJECTNUMMER], [RAPPORTNUMMER], [REGELNUMMER], [AFBEELDING_TYPE], [THUMBNAIL_URL]) VALUES (N'http://asice.webz63/ojtcp/pvhve/ovlhp/szeap.aspx', 14, 13, 2, N'Id Id Id Id Id', N'https://pjd.webp4/fyphg/mdxld/cdlgx.php')
INSERT [dbo].[AFBEELDING] ([URL], [PROJECTNUMMER], [RAPPORTNUMMER], [REGELNUMMER], [AFBEELDING_TYPE], [THUMBNAIL_URL]) VALUES (N'http://czvfh.webr88/ljtez/tbrxz/dvzkx.htm', 10, 10, 3, N'eudis', N'https://ieha.localf79/ghjxj/leuzd/lkmpo.html')
INSERT [dbo].[AFBEELDING] ([URL], [PROJECTNUMMER], [RAPPORTNUMMER], [REGELNUMMER], [AFBEELDING_TYPE], [THUMBNAIL_URL]) VALUES (N'http://lecvn.netd14/czetc/tieka/eexxa.htm', 7, 1, 7, N'eudis', N'http://euea.web98/ynwmk/gbicp.htm')
INSERT [dbo].[AFBEELDING] ([URL], [PROJECTNUMMER], [RAPPORTNUMMER], [REGELNUMMER], [AFBEELDING_TYPE], [THUMBNAIL_URL]) VALUES (N'http://mebcc.nets34/wuagu/sqkgr/erotx.htm', 12, 7, 17, N'eudis Id', N'https://xwxy.locale5/powni/ynokw/ibyph/rgvcs/tcsnn.htm')
INSERT [dbo].[AFBEELDING] ([URL], [PROJECTNUMMER], [RAPPORTNUMMER], [REGELNUMMER], [AFBEELDING_TYPE], [THUMBNAIL_URL]) VALUES (N'http://mvqal.webz46/qurxz/rqmso/nuqwg/ybwjw.aspx', 20, 9, 8, N'eudis Id', N'https://lvl.local78/hccjg/gerjq/iapt.htm')
INSERT [dbo].[AFBEELDING] ([URL], [PROJECTNUMMER], [RAPPORTNUMMER], [REGELNUMMER], [AFBEELDING_TYPE], [THUMBNAIL_URL]) VALUES (N'http://nperb.nete89/dgwgy/srrms/cejoi/dvstv/furku.html', 20, 9, 8, N'eudis', N'https://wqn.web82/jiutv/bvr.htm')
INSERT [dbo].[AFBEELDING] ([URL], [PROJECTNUMMER], [RAPPORTNUMMER], [REGELNUMMER], [AFBEELDING_TYPE], [THUMBNAIL_URL]) VALUES (N'http://oiund.localf56/vrzfy/lllji/vyiph.html', 18, 8, 14, N'Id eudis', N'http://fyl.localb9/zpghd/yycbl/rgisl/pzofh/mnh.aspx')
INSERT [dbo].[AFBEELDING] ([URL], [PROJECTNUMMER], [RAPPORTNUMMER], [REGELNUMMER], [AFBEELDING_TYPE], [THUMBNAIL_URL]) VALUES (N'http://prpdm.webo64/dwcge/oionm/wbrre/pxfxl.aspx', 13, 5, 12, N'Id eudis eudis', N'https://nbzc.web/utkiw/wlzfb/mqiae/jvpm.php')
INSERT [dbo].[AFBEELDING] ([URL], [PROJECTNUMMER], [RAPPORTNUMMER], [REGELNUMMER], [AFBEELDING_TYPE], [THUMBNAIL_URL]) VALUES (N'http://ujof.localq98/hsxck/hlfyz/rqnxg/flbco.html', 12, 7, 17, N'Id Id Id eudis', N'https://elg.netz93/gaozh/kxyhp/xwqva/hzhfc/clx.htm')
INSERT [dbo].[AFBEELDING] ([URL], [PROJECTNUMMER], [RAPPORTNUMMER], [REGELNUMMER], [AFBEELDING_TYPE], [THUMBNAIL_URL]) VALUES (N'http://ulssw.localg02/spzyg/fimvp/tutqf/ggqxe.html', 5, 19, 9, N'Id eudis', N'http://cdt.net21/rirno/jpkef/bbk.html')
INSERT [dbo].[AFBEELDING] ([URL], [PROJECTNUMMER], [RAPPORTNUMMER], [REGELNUMMER], [AFBEELDING_TYPE], [THUMBNAIL_URL]) VALUES (N'http://xffdh.locale58/rrngz/wiebp/orrte/mdzqp/eprtj.htm', 19, 17, 6, N'Id', N'http://cpv.neth/njfat/xwoxl/aem.aspx')
INSERT [dbo].[AFBEELDING] ([URL], [PROJECTNUMMER], [RAPPORTNUMMER], [REGELNUMMER], [AFBEELDING_TYPE], [THUMBNAIL_URL]) VALUES (N'http://zkfra.netx51/fjhgf/onigg/xeqit/jbaaq/czywe.aspx', 15, 6, 0, N'eudis eudis', N'http://gqmyd.local93/mdzcv/mbvue/guyca/ickze/fui.html')
INSERT [dbo].[AFBEELDING] ([URL], [PROJECTNUMMER], [RAPPORTNUMMER], [REGELNUMMER], [AFBEELDING_TYPE], [THUMBNAIL_URL]) VALUES (N'http://zsdni.locals20/bquoc/lcmzq/uixuo.htm', 10, 10, 3, N'eudis', N'http://bfh.web2/zfsto/peoz.php')
INSERT [dbo].[AFBEELDING] ([URL], [PROJECTNUMMER], [RAPPORTNUMMER], [REGELNUMMER], [AFBEELDING_TYPE], [THUMBNAIL_URL]) VALUES (N'https://ncnmf.weby73/uqmwa/vbaos/emzlu/ezvth/xkrpl.php', 6, 3, 18, N'Id', N'https://xpmlt.local/lfqed/mnawn/kltu.htm')
INSERT [dbo].[AFBEELDING] ([URL], [PROJECTNUMMER], [RAPPORTNUMMER], [REGELNUMMER], [AFBEELDING_TYPE], [THUMBNAIL_URL]) VALUES (N'https://qaejb.localp6/ewilv/fukzj/sxeae/yexsi/byvht.html', 6, 3, 18, N'Id eudis', N'http://ignw.net/kyldd/xod.php')
INSERT [dbo].[AFBEELDING] ([URL], [PROJECTNUMMER], [RAPPORTNUMMER], [REGELNUMMER], [AFBEELDING_TYPE], [THUMBNAIL_URL]) VALUES (N'https://qpnae.netz13/vmyci/jpjua/yfgee/etwji.aspx', 9, 14, 11, N'Id Id eudis Id', N'https://fql.webi97/gzhzu/tmgzm/qykqw/littn/cand.aspx')
INSERT [dbo].[AFBEELDING] ([URL], [PROJECTNUMMER], [RAPPORTNUMMER], [REGELNUMMER], [AFBEELDING_TYPE], [THUMBNAIL_URL]) VALUES (N'https://rokik.localn66/awbky/zunrm/fifzr/hanwq/ddbpy.html', 16, 15, 16, N'eudis', N'http://fbyrn.localx93/gzssd/dbnux/nrjmc/cmtid/wdxvb.html')
INSERT [dbo].[AFBEELDING] ([URL], [PROJECTNUMMER], [RAPPORTNUMMER], [REGELNUMMER], [AFBEELDING_TYPE], [THUMBNAIL_URL]) VALUES (N'https://vkxdd.netr03/ygzia/bjcnq/aemrn/idjza.aspx', 1, 12, 15, N'Id eudis eudis', N'http://zokt.locala37/sosqg/ksksl/uwyyu/cxsad/aga.html')
INSERT [dbo].[AFBEELDING] ([URL], [PROJECTNUMMER], [RAPPORTNUMMER], [REGELNUMMER], [AFBEELDING_TYPE], [THUMBNAIL_URL]) VALUES (N'https://vwaui.netg5/nvjax/rwycg/ztduh/fcqal.html', 20, 9, 8, N'eudis Id', N'http://krbbg.net32/vroei/wgarc/lawfl/nrpau/fogt.htm')
INSERT [dbo].[AFBEELDING] ([URL], [PROJECTNUMMER], [RAPPORTNUMMER], [REGELNUMMER], [AFBEELDING_TYPE], [THUMBNAIL_URL]) VALUES (N'https://zwsyu.local98/mfkdr/xwsee/cfibx/xyoiy.html', 17, 16, 1, N'Id', N'https://ofa.net/gnfgl/lssj.html')
