USE [Euratex]
GO
INSERT [dbo].[ASPECT] ([ASPECTNAAM]) VALUES (N'AccessorySales')
INSERT [dbo].[ASPECT] ([ASPECTNAAM]) VALUES (N'Accounting')
INSERT [dbo].[ASPECT] ([ASPECTNAAM]) VALUES (N'BusinessSales')
INSERT [dbo].[ASPECT] ([ASPECTNAAM]) VALUES (N'ConsumerSales')
INSERT [dbo].[ASPECT] ([ASPECTNAAM]) VALUES (N'Corporate Care')
INSERT [dbo].[ASPECT] ([ASPECTNAAM]) VALUES (N'CorporateSales')
INSERT [dbo].[ASPECT] ([ASPECTNAAM]) VALUES (N'Cutomer')
INSERT [dbo].[ASPECT] ([ASPECTNAAM]) VALUES (N'InternationalSales')
INSERT [dbo].[ASPECT] ([ASPECTNAAM]) VALUES (N'Marketing')
INSERT [dbo].[ASPECT] ([ASPECTNAAM]) VALUES (N'NationalSales')
INSERT [dbo].[ASPECT] ([ASPECTNAAM]) VALUES (N'Prepaid Customer')
INSERT [dbo].[ASPECT] ([ASPECTNAAM]) VALUES (N'Sales')
INSERT [dbo].[ASPECT] ([ASPECTNAAM]) VALUES (N'Service')
INSERT [dbo].[ASPECT] ([ASPECTNAAM]) VALUES (N'Technical')
INSERT [dbo].[ASPECT] ([ASPECTNAAM]) VALUES (N'TechnicalSales')
INSERT [dbo].[ASPECT] ([ASPECTNAAM]) VALUES (N'Web')
INSERT [dbo].[EFFECT] ([EFFECTNAAM]) VALUES (N'AccessorySales')
INSERT [dbo].[EFFECT] ([EFFECTNAAM]) VALUES (N'Accounting')
INSERT [dbo].[EFFECT] ([EFFECTNAAM]) VALUES (N'BusinessSales')
INSERT [dbo].[EFFECT] ([EFFECTNAAM]) VALUES (N'ConsumerSales')
INSERT [dbo].[EFFECT] ([EFFECTNAAM]) VALUES (N'Corporate Care')
INSERT [dbo].[EFFECT] ([EFFECTNAAM]) VALUES (N'CorporateSales')
INSERT [dbo].[EFFECT] ([EFFECTNAAM]) VALUES (N'Cutomer')
INSERT [dbo].[EFFECT] ([EFFECTNAAM]) VALUES (N'InternationalSales')
INSERT [dbo].[EFFECT] ([EFFECTNAAM]) VALUES (N'Marketing')
INSERT [dbo].[EFFECT] ([EFFECTNAAM]) VALUES (N'NationalSales')
INSERT [dbo].[EFFECT] ([EFFECTNAAM]) VALUES (N'Prepaid Customer')
INSERT [dbo].[EFFECT] ([EFFECTNAAM]) VALUES (N'Sales')
INSERT [dbo].[EFFECT] ([EFFECTNAAM]) VALUES (N'Service')
INSERT [dbo].[EFFECT] ([EFFECTNAAM]) VALUES (N'Technical')
INSERT [dbo].[EFFECT] ([EFFECTNAAM]) VALUES (N'TechnicalSales')
INSERT [dbo].[EFFECT] ([EFFECTNAAM]) VALUES (N'Web')
INSERT [dbo].[ASPECT_EFFECT] ([ASPECTNAAM], [EFFECTNAAM]) VALUES (N'AccessorySales', N'AccessorySales')
INSERT [dbo].[ASPECT_EFFECT] ([ASPECTNAAM], [EFFECTNAAM]) VALUES (N'Accounting', N'Accounting')
INSERT [dbo].[ASPECT_EFFECT] ([ASPECTNAAM], [EFFECTNAAM]) VALUES (N'BusinessSales', N'BusinessSales')
INSERT [dbo].[ASPECT_EFFECT] ([ASPECTNAAM], [EFFECTNAAM]) VALUES (N'InternationalSales', N'BusinessSales')
INSERT [dbo].[ASPECT_EFFECT] ([ASPECTNAAM], [EFFECTNAAM]) VALUES (N'ConsumerSales', N'ConsumerSales')
INSERT [dbo].[ASPECT_EFFECT] ([ASPECTNAAM], [EFFECTNAAM]) VALUES (N'Corporate Care', N'Corporate Care')
INSERT [dbo].[ASPECT_EFFECT] ([ASPECTNAAM], [EFFECTNAAM]) VALUES (N'CorporateSales', N'CorporateSales')
INSERT [dbo].[ASPECT_EFFECT] ([ASPECTNAAM], [EFFECTNAAM]) VALUES (N'Cutomer', N'Cutomer')
INSERT [dbo].[ASPECT_EFFECT] ([ASPECTNAAM], [EFFECTNAAM]) VALUES (N'InternationalSales', N'InternationalSales')
INSERT [dbo].[ASPECT_EFFECT] ([ASPECTNAAM], [EFFECTNAAM]) VALUES (N'Prepaid Customer', N'InternationalSales')
INSERT [dbo].[ASPECT_EFFECT] ([ASPECTNAAM], [EFFECTNAAM]) VALUES (N'Marketing', N'Marketing')
INSERT [dbo].[ASPECT_EFFECT] ([ASPECTNAAM], [EFFECTNAAM]) VALUES (N'NationalSales', N'NationalSales')
INSERT [dbo].[ASPECT_EFFECT] ([ASPECTNAAM], [EFFECTNAAM]) VALUES (N'Prepaid Customer', N'Prepaid Customer')
INSERT [dbo].[ASPECT_EFFECT] ([ASPECTNAAM], [EFFECTNAAM]) VALUES (N'Technical', N'Prepaid Customer')
INSERT [dbo].[ASPECT_EFFECT] ([ASPECTNAAM], [EFFECTNAAM]) VALUES (N'Sales', N'Sales')
INSERT [dbo].[ASPECT_EFFECT] ([ASPECTNAAM], [EFFECTNAAM]) VALUES (N'Service', N'Service')
INSERT [dbo].[ASPECT_EFFECT] ([ASPECTNAAM], [EFFECTNAAM]) VALUES (N'Sales', N'Technical')
INSERT [dbo].[ASPECT_EFFECT] ([ASPECTNAAM], [EFFECTNAAM]) VALUES (N'Technical', N'Technical')
INSERT [dbo].[ASPECT_EFFECT] ([ASPECTNAAM], [EFFECTNAAM]) VALUES (N'TechnicalSales', N'TechnicalSales')
INSERT [dbo].[ASPECT_EFFECT] ([ASPECTNAAM], [EFFECTNAAM]) VALUES (N'Web', N'Web')
INSERT [dbo].[BEDRIJF] ([BEDRIJFSNAAM], [LOCATIE]) VALUES (N'Adjubexex Direct Corp.', N'Middlesbrough')
INSERT [dbo].[BEDRIJF] ([BEDRIJFSNAAM], [LOCATIE]) VALUES (N'Adrobin WorldWide Inc', N'Bradford')
INSERT [dbo].[BEDRIJF] ([BEDRIJFSNAAM], [LOCATIE]) VALUES (N'Endsipegazz International Group', N'Southampton')
INSERT [dbo].[BEDRIJF] ([BEDRIJFSNAAM], [LOCATIE]) VALUES (N'Growerpplover  Corp.', N'Leicester')
INSERT [dbo].[BEDRIJF] ([BEDRIJFSNAAM], [LOCATIE]) VALUES (N'Happickewor WorldWide ', N'Cambridge')
INSERT [dbo].[BEDRIJF] ([BEDRIJFSNAAM], [LOCATIE]) VALUES (N'Haprobupover International ', N'Wolverhampton')
INSERT [dbo].[BEDRIJF] ([BEDRIJFSNAAM], [LOCATIE]) VALUES (N'Klitanegin International Company', N'Northampton')
INSERT [dbo].[BEDRIJF] ([BEDRIJFSNAAM], [LOCATIE]) VALUES (N'Qwipickupicator Holdings Group', N'Gloucester')
INSERT [dbo].[BEDRIJF] ([BEDRIJFSNAAM], [LOCATIE]) VALUES (N'Thrukilewazz  Corp.', N'Plymouth')
INSERT [dbo].[BEDRIJF] ([BEDRIJFSNAAM], [LOCATIE]) VALUES (N'Tiphupepax International Inc', N'Rotherham')
INSERT [dbo].[BEDRIJF] ([BEDRIJFSNAAM], [LOCATIE]) VALUES (N'Tipsapewax Holdings Inc', N'Leeds')
INSERT [dbo].[BEDRIJF] ([BEDRIJFSNAAM], [LOCATIE]) VALUES (N'Tipwerpommentor WorldWide Corp.', N'Huddersfield')
INSERT [dbo].[BEDRIJF] ([BEDRIJFSNAAM], [LOCATIE]) VALUES (N'Trumunonan WorldWide Corp.', N'Slough')
INSERT [dbo].[BEDRIJF] ([BEDRIJFSNAAM], [LOCATIE]) VALUES (N'Trunipedex  Company', N'Bournemouth')
INSERT [dbo].[BEDRIJF] ([BEDRIJFSNAAM], [LOCATIE]) VALUES (N'Tupglibackover Holdings Inc', N'Preston')
INSERT [dbo].[BEDRIJF] ([BEDRIJFSNAAM], [LOCATIE]) VALUES (N'Uphupan Direct Group', N'Peterborough')
INSERT [dbo].[BEDRIJF] ([BEDRIJFSNAAM], [LOCATIE]) VALUES (N'Upkililax Holdings Company', N'Reading')
INSERT [dbo].[BEDRIJF] ([BEDRIJFSNAAM], [LOCATIE]) VALUES (N'Upsapollex WorldWide ', N'Luton')
INSERT [dbo].[BEDRIJF] ([BEDRIJFSNAAM], [LOCATIE]) VALUES (N'Varfropimar  Group', N'York')
INSERT [dbo].[BEDRIJF] ([BEDRIJFSNAAM], [LOCATIE]) VALUES (N'Winnipinower  Corp.', N'Liverpool')
INSERT [dbo].[PROJECT] ([PROJECTNUMMER], [BEDRIJFSNAAM], [LOCATIE], [PROJECTOMSCHRIJVING]) VALUES (0, N'Tupglibackover Holdings Inc', N'Preston', N'Sales')
INSERT [dbo].[PROJECT] ([PROJECTNUMMER], [BEDRIJFSNAAM], [LOCATIE], [PROJECTOMSCHRIJVING]) VALUES (1, N'Upkililax Holdings Company', N'Reading', N'Word of mouth')
INSERT [dbo].[PROJECT] ([PROJECTNUMMER], [BEDRIJFSNAAM], [LOCATIE], [PROJECTOMSCHRIJVING]) VALUES (2, N'Uphupan Direct Group', N'Peterborough', N'Internet')
INSERT [dbo].[PROJECT] ([PROJECTNUMMER], [BEDRIJFSNAAM], [LOCATIE], [PROJECTOMSCHRIJVING]) VALUES (3, N'Tipwerpommentor WorldWide Corp.', N'Huddersfield', N'Internet')
INSERT [dbo].[PROJECT] ([PROJECTNUMMER], [BEDRIJFSNAAM], [LOCATIE], [PROJECTOMSCHRIJVING]) VALUES (4, N'Happickewor WorldWide ', N'Cambridge', N'Google Adds')
INSERT [dbo].[PROJECT] ([PROJECTNUMMER], [BEDRIJFSNAAM], [LOCATIE], [PROJECTOMSCHRIJVING]) VALUES (5, N'Tipwerpommentor WorldWide Corp.', N'Huddersfield', N'Internet')
INSERT [dbo].[PROJECT] ([PROJECTNUMMER], [BEDRIJFSNAAM], [LOCATIE], [PROJECTOMSCHRIJVING]) VALUES (6, N'Varfropimar  Group', N'York', N'Word of mouth')
INSERT [dbo].[PROJECT] ([PROJECTNUMMER], [BEDRIJFSNAAM], [LOCATIE], [PROJECTOMSCHRIJVING]) VALUES (7, N'Thrukilewazz  Corp.', N'Plymouth', N'Sales')
INSERT [dbo].[PROJECT] ([PROJECTNUMMER], [BEDRIJFSNAAM], [LOCATIE], [PROJECTOMSCHRIJVING]) VALUES (8, N'Winnipinower  Corp.', N'Liverpool', N'Internet')
INSERT [dbo].[PROJECT] ([PROJECTNUMMER], [BEDRIJFSNAAM], [LOCATIE], [PROJECTOMSCHRIJVING]) VALUES (9, N'Haprobupover International ', N'Wolverhampton', N'Previous Customer')
INSERT [dbo].[PROJECT] ([PROJECTNUMMER], [BEDRIJFSNAAM], [LOCATIE], [PROJECTOMSCHRIJVING]) VALUES (10, N'Haprobupover International ', N'Wolverhampton', N'Direct')
INSERT [dbo].[PROJECT] ([PROJECTNUMMER], [BEDRIJFSNAAM], [LOCATIE], [PROJECTOMSCHRIJVING]) VALUES (11, N'Tiphupepax International Inc', N'Rotherham', N'Word of mouth')
INSERT [dbo].[PROJECT] ([PROJECTNUMMER], [BEDRIJFSNAAM], [LOCATIE], [PROJECTOMSCHRIJVING]) VALUES (12, N'Trumunonan WorldWide Corp.', N'Slough', N'Direct')
INSERT [dbo].[PROJECT] ([PROJECTNUMMER], [BEDRIJFSNAAM], [LOCATIE], [PROJECTOMSCHRIJVING]) VALUES (13, N'Tiphupepax International Inc', N'Rotherham', N'Internet')
INSERT [dbo].[PROJECT] ([PROJECTNUMMER], [BEDRIJFSNAAM], [LOCATIE], [PROJECTOMSCHRIJVING]) VALUES (14, N'Winnipinower  Corp.', N'Liverpool', N'Add. Words')
INSERT [dbo].[PROJECT] ([PROJECTNUMMER], [BEDRIJFSNAAM], [LOCATIE], [PROJECTOMSCHRIJVING]) VALUES (15, N'Adjubexex Direct Corp.', N'Middlesbrough', N'Add. Words')
INSERT [dbo].[PROJECT] ([PROJECTNUMMER], [BEDRIJFSNAAM], [LOCATIE], [PROJECTOMSCHRIJVING]) VALUES (16, N'Upsapollex WorldWide ', N'Luton', N'Internet')
INSERT [dbo].[PROJECT] ([PROJECTNUMMER], [BEDRIJFSNAAM], [LOCATIE], [PROJECTOMSCHRIJVING]) VALUES (17, N'Winnipinower  Corp.', N'Liverpool', N'Sales')
INSERT [dbo].[PROJECT] ([PROJECTNUMMER], [BEDRIJFSNAAM], [LOCATIE], [PROJECTOMSCHRIJVING]) VALUES (18, N'Trunipedex  Company', N'Bournemouth', N'Google Adds')
INSERT [dbo].[PROJECT] ([PROJECTNUMMER], [BEDRIJFSNAAM], [LOCATIE], [PROJECTOMSCHRIJVING]) VALUES (19, N'Klitanegin International Company', N'Northampton', N'Word of mouth')
INSERT [dbo].[RAPPORT] ([PROJECTNUMMER], [RAPPORTNUMMER], [RAPPORT_TYPE]) VALUES (0, 12, N'Grain')
INSERT [dbo].[RAPPORT] ([PROJECTNUMMER], [RAPPORTNUMMER], [RAPPORT_TYPE]) VALUES (1, 0, N'Poultry')
INSERT [dbo].[RAPPORT] ([PROJECTNUMMER], [RAPPORTNUMMER], [RAPPORT_TYPE]) VALUES (2, 18, N'Poultry')
INSERT [dbo].[RAPPORT] ([PROJECTNUMMER], [RAPPORTNUMMER], [RAPPORT_TYPE]) VALUES (3, 7, N'Confections')
INSERT [dbo].[RAPPORT] ([PROJECTNUMMER], [RAPPORTNUMMER], [RAPPORT_TYPE]) VALUES (5, 11, N'Cereals')
INSERT [dbo].[RAPPORT] ([PROJECTNUMMER], [RAPPORTNUMMER], [RAPPORT_TYPE]) VALUES (5, 13, N'Meat')
INSERT [dbo].[RAPPORT] ([PROJECTNUMMER], [RAPPORTNUMMER], [RAPPORT_TYPE]) VALUES (6, 1, N'Dairy')
INSERT [dbo].[RAPPORT] ([PROJECTNUMMER], [RAPPORTNUMMER], [RAPPORT_TYPE]) VALUES (7, 9, N'Shell fish')
INSERT [dbo].[RAPPORT] ([PROJECTNUMMER], [RAPPORTNUMMER], [RAPPORT_TYPE]) VALUES (7, 10, N'Dairy')
INSERT [dbo].[RAPPORT] ([PROJECTNUMMER], [RAPPORTNUMMER], [RAPPORT_TYPE]) VALUES (8, 16, N'Seafood')
INSERT [dbo].[RAPPORT] ([PROJECTNUMMER], [RAPPORTNUMMER], [RAPPORT_TYPE]) VALUES (11, 19, N'Dairy')
INSERT [dbo].[RAPPORT] ([PROJECTNUMMER], [RAPPORTNUMMER], [RAPPORT_TYPE]) VALUES (14, 6, N'Seafood')
INSERT [dbo].[RAPPORT] ([PROJECTNUMMER], [RAPPORTNUMMER], [RAPPORT_TYPE]) VALUES (15, 15, N'Seafood')
INSERT [dbo].[RAPPORT] ([PROJECTNUMMER], [RAPPORTNUMMER], [RAPPORT_TYPE]) VALUES (16, 2, N'Seafood')
INSERT [dbo].[RAPPORT] ([PROJECTNUMMER], [RAPPORTNUMMER], [RAPPORT_TYPE]) VALUES (17, 8, N'Cereals')
INSERT [dbo].[RAPPORT] ([PROJECTNUMMER], [RAPPORTNUMMER], [RAPPORT_TYPE]) VALUES (17, 14, N'Grain')
INSERT [dbo].[RAPPORT] ([PROJECTNUMMER], [RAPPORTNUMMER], [RAPPORT_TYPE]) VALUES (17, 17, N'Confections')
INSERT [dbo].[RAPPORT] ([PROJECTNUMMER], [RAPPORTNUMMER], [RAPPORT_TYPE]) VALUES (18, 3, N'Poultry')
INSERT [dbo].[RAPPORT] ([PROJECTNUMMER], [RAPPORTNUMMER], [RAPPORT_TYPE]) VALUES (18, 5, N'Seafood')
INSERT [dbo].[RAPPORT] ([PROJECTNUMMER], [RAPPORTNUMMER], [RAPPORT_TYPE]) VALUES (19, 4, N'Cereals')
INSERT [dbo].[RISICOREGEL] ([PROJECTNUMMER], [RAPPORTNUMMER], [REGELNUMMER], [ASPECTNAAM], [EFFECTNAAM], [ARBO_ONDERWERP], [HUIDIGE_BEHEERSMAATREGEL]) VALUES (0, 12, 15, N'AccessorySales', N'AccessorySales', N'Surbanin', N'05136')
INSERT [dbo].[RISICOREGEL] ([PROJECTNUMMER], [RAPPORTNUMMER], [REGELNUMMER], [ASPECTNAAM], [EFFECTNAAM], [ARBO_ONDERWERP], [HUIDIGE_BEHEERSMAATREGEL]) VALUES (1, 0, 19, N'CorporateSales', N'CorporateSales', N'Reglibicator', NULL)
INSERT [dbo].[RISICOREGEL] ([PROJECTNUMMER], [RAPPORTNUMMER], [REGELNUMMER], [ASPECTNAAM], [EFFECTNAAM], [ARBO_ONDERWERP], [HUIDIGE_BEHEERSMAATREGEL]) VALUES (2, 18, 10, N'Corporate Care', N'Corporate Care', N'Growerpazz', N'15474')
INSERT [dbo].[RISICOREGEL] ([PROJECTNUMMER], [RAPPORTNUMMER], [REGELNUMMER], [ASPECTNAAM], [EFFECTNAAM], [ARBO_ONDERWERP], [HUIDIGE_BEHEERSMAATREGEL]) VALUES (3, 7, 4, N'ConsumerSales', N'ConsumerSales', N'Refropamex', N'88414')
INSERT [dbo].[RISICOREGEL] ([PROJECTNUMMER], [RAPPORTNUMMER], [REGELNUMMER], [ASPECTNAAM], [EFFECTNAAM], [ARBO_ONDERWERP], [HUIDIGE_BEHEERSMAATREGEL]) VALUES (5, 11, 9, N'Corporate Care', N'Corporate Care', N'Lombanantor', N'48881')
INSERT [dbo].[RISICOREGEL] ([PROJECTNUMMER], [RAPPORTNUMMER], [REGELNUMMER], [ASPECTNAAM], [EFFECTNAAM], [ARBO_ONDERWERP], [HUIDIGE_BEHEERSMAATREGEL]) VALUES (5, 13, 18, N'Prepaid Customer', N'Prepaid Customer', N'Lomtumover', N'59873')
INSERT [dbo].[RISICOREGEL] ([PROJECTNUMMER], [RAPPORTNUMMER], [REGELNUMMER], [ASPECTNAAM], [EFFECTNAAM], [ARBO_ONDERWERP], [HUIDIGE_BEHEERSMAATREGEL]) VALUES (6, 1, 7, N'InternationalSales', N'InternationalSales', N'Adcadazz', N'90590')
INSERT [dbo].[RISICOREGEL] ([PROJECTNUMMER], [RAPPORTNUMMER], [REGELNUMMER], [ASPECTNAAM], [EFFECTNAAM], [ARBO_ONDERWERP], [HUIDIGE_BEHEERSMAATREGEL]) VALUES (7, 9, 13, N'InternationalSales', N'InternationalSales', N'Grotumin', N'49814')
INSERT [dbo].[RISICOREGEL] ([PROJECTNUMMER], [RAPPORTNUMMER], [REGELNUMMER], [ASPECTNAAM], [EFFECTNAAM], [ARBO_ONDERWERP], [HUIDIGE_BEHEERSMAATREGEL]) VALUES (7, 10, 11, N'InternationalSales', N'InternationalSales', N'Rehupor', N'70413')
INSERT [dbo].[RISICOREGEL] ([PROJECTNUMMER], [RAPPORTNUMMER], [REGELNUMMER], [ASPECTNAAM], [EFFECTNAAM], [ARBO_ONDERWERP], [HUIDIGE_BEHEERSMAATREGEL]) VALUES (8, 16, 3, N'Marketing', N'Marketing', N'Haperedower', N'34091')
INSERT [dbo].[RISICOREGEL] ([PROJECTNUMMER], [RAPPORTNUMMER], [REGELNUMMER], [ASPECTNAAM], [EFFECTNAAM], [ARBO_ONDERWERP], [HUIDIGE_BEHEERSMAATREGEL]) VALUES (11, 19, 5, N'Marketing', N'Marketing', N'Partinar', N'82908')
INSERT [dbo].[RISICOREGEL] ([PROJECTNUMMER], [RAPPORTNUMMER], [REGELNUMMER], [ASPECTNAAM], [EFFECTNAAM], [ARBO_ONDERWERP], [HUIDIGE_BEHEERSMAATREGEL]) VALUES (14, 6, 17, N'Web', N'Web', N'Adwericator', N'95601')
INSERT [dbo].[RISICOREGEL] ([PROJECTNUMMER], [RAPPORTNUMMER], [REGELNUMMER], [ASPECTNAAM], [EFFECTNAAM], [ARBO_ONDERWERP], [HUIDIGE_BEHEERSMAATREGEL]) VALUES (15, 15, 12, N'Prepaid Customer', N'Prepaid Customer', N'Cipsapantor', N'25659')
INSERT [dbo].[RISICOREGEL] ([PROJECTNUMMER], [RAPPORTNUMMER], [REGELNUMMER], [ASPECTNAAM], [EFFECTNAAM], [ARBO_ONDERWERP], [HUIDIGE_BEHEERSMAATREGEL]) VALUES (16, 2, 2, N'Service', N'Service', N'Trududentor', N'02177')
INSERT [dbo].[RISICOREGEL] ([PROJECTNUMMER], [RAPPORTNUMMER], [REGELNUMMER], [ASPECTNAAM], [EFFECTNAAM], [ARBO_ONDERWERP], [HUIDIGE_BEHEERSMAATREGEL]) VALUES (17, 8, 0, N'Sales', N'Sales', N'Zeewerax', N'79902')
INSERT [dbo].[RISICOREGEL] ([PROJECTNUMMER], [RAPPORTNUMMER], [REGELNUMMER], [ASPECTNAAM], [EFFECTNAAM], [ARBO_ONDERWERP], [HUIDIGE_BEHEERSMAATREGEL]) VALUES (17, 14, 16, N'Technical', N'Technical', N'Klimunor', N'02562')
INSERT [dbo].[RISICOREGEL] ([PROJECTNUMMER], [RAPPORTNUMMER], [REGELNUMMER], [ASPECTNAAM], [EFFECTNAAM], [ARBO_ONDERWERP], [HUIDIGE_BEHEERSMAATREGEL]) VALUES (17, 17, 1, N'Technical', N'Technical', N'Rapsapupex', N'78232')
INSERT [dbo].[RISICOREGEL] ([PROJECTNUMMER], [RAPPORTNUMMER], [REGELNUMMER], [ASPECTNAAM], [EFFECTNAAM], [ARBO_ONDERWERP], [HUIDIGE_BEHEERSMAATREGEL]) VALUES (18, 3, 14, N'Web', N'Web', N'Frosapistor', N'04975')
INSERT [dbo].[RISICOREGEL] ([PROJECTNUMMER], [RAPPORTNUMMER], [REGELNUMMER], [ASPECTNAAM], [EFFECTNAAM], [ARBO_ONDERWERP], [HUIDIGE_BEHEERSMAATREGEL]) VALUES (18, 5, 6, N'TechnicalSales', N'TechnicalSales', N'Lomjubex', N'33888')
INSERT [dbo].[RISICOREGEL] ([PROJECTNUMMER], [RAPPORTNUMMER], [REGELNUMMER], [ASPECTNAAM], [EFFECTNAAM], [ARBO_ONDERWERP], [HUIDIGE_BEHEERSMAATREGEL]) VALUES (19, 4, 8, N'Web', N'Web', N'Tipnipommor', N'60442')
INSERT [dbo].[RISICOMAATREGEL] ([PROJECTNUMMER], [RAPPORTNUMMER], [REGELNUMMER], [VOORGESTELDE_ACTIE_OF_VERBETERINGSMAATREGEL], [AFWIJKENDE_ACTIE_TER_UITVOERING], [RESTRISICO]) VALUES (0, 12, 15, N'in pars plorum quad apparens', N'fecit, in et', N'gevaar rood oranje gevaar eng groen gevaar eng groen blauw gevaar groen eng rood gevaar bloeding bloeding eng geel bloeding blauw')
INSERT [dbo].[RISICOMAATREGEL] ([PROJECTNUMMER], [RAPPORTNUMMER], [REGELNUMMER], [VOORGESTELDE_ACTIE_OF_VERBETERINGSMAATREGEL], [AFWIJKENDE_ACTIE_TER_UITVOERING], [RESTRISICO]) VALUES (1, 0, 19, N'brevens, gravum quorum quis estis', N'Id', N'bloeding blauw bloeding eng geel oranje rood rood Gevaar oranje eng eng geel rood blauw Gevaar bloeding')
INSERT [dbo].[RISICOMAATREGEL] ([PROJECTNUMMER], [RAPPORTNUMMER], [REGELNUMMER], [VOORGESTELDE_ACTIE_OF_VERBETERINGSMAATREGEL], [AFWIJKENDE_ACTIE_TER_UITVOERING], [RESTRISICO]) VALUES (2, 18, 10, N'gravum', N'in', N'blauw bloeding rood gevaar Gevaar blauw groen bloeding oranje gevaar eng blauw bloeding geel rood gevaar')
INSERT [dbo].[RISICOMAATREGEL] ([PROJECTNUMMER], [RAPPORTNUMMER], [REGELNUMMER], [VOORGESTELDE_ACTIE_OF_VERBETERINGSMAATREGEL], [AFWIJKENDE_ACTIE_TER_UITVOERING], [RESTRISICO]) VALUES (3, 7, 4, N'linguens delerium.', N'si Multum si', N'blauw gevaar Gevaar groen groen Gevaar rood eng bloeding groen geel oranje eng blauw blauw groen oranje bloeding')
INSERT [dbo].[RISICOMAATREGEL] ([PROJECTNUMMER], [RAPPORTNUMMER], [REGELNUMMER], [VOORGESTELDE_ACTIE_OF_VERBETERINGSMAATREGEL], [AFWIJKENDE_ACTIE_TER_UITVOERING], [RESTRISICO]) VALUES (5, 11, 9, N'si quad egreddior imaginator vantis.', N'fecundio,', N'eng gevaar rood bloeding Gevaar rood rood rood groen bloeding rood gevaar groen geel bloeding geel oranje')
INSERT [dbo].[RISICOMAATREGEL] ([PROJECTNUMMER], [RAPPORTNUMMER], [REGELNUMMER], [VOORGESTELDE_ACTIE_OF_VERBETERINGSMAATREGEL], [AFWIJKENDE_ACTIE_TER_UITVOERING], [RESTRISICO]) VALUES (5, 13, 18, N'quad trepicandor Versus glavans', N'vobis', N'rood groen blauw bloeding bloeding groen rood eng rood gevaar eng blauw Gevaar groen eng groen gevaar')
INSERT [dbo].[RISICOMAATREGEL] ([PROJECTNUMMER], [RAPPORTNUMMER], [REGELNUMMER], [VOORGESTELDE_ACTIE_OF_VERBETERINGSMAATREGEL], [AFWIJKENDE_ACTIE_TER_UITVOERING], [RESTRISICO]) VALUES (6, 1, 7, N'funem.', N'linguens manifestum', N'oranje geel oranje Gevaar gevaar Gevaar blauw blauw groen groen bloeding groen oranje blauw gevaar eng')
INSERT [dbo].[RISICOMAATREGEL] ([PROJECTNUMMER], [RAPPORTNUMMER], [REGELNUMMER], [VOORGESTELDE_ACTIE_OF_VERBETERINGSMAATREGEL], [AFWIJKENDE_ACTIE_TER_UITVOERING], [RESTRISICO]) VALUES (7, 9, 13, N'et', N'nomen si', N'geel eng Gevaar oranje geel geel blauw Gevaar eng gevaar oranje gevaar oranje geel Gevaar groen gevaar bloeding')
INSERT [dbo].[RISICOMAATREGEL] ([PROJECTNUMMER], [RAPPORTNUMMER], [REGELNUMMER], [VOORGESTELDE_ACTIE_OF_VERBETERINGSMAATREGEL], [AFWIJKENDE_ACTIE_TER_UITVOERING], [RESTRISICO]) VALUES (7, 10, 11, N'pladior', N'in', N'gevaar groen oranje Gevaar oranje rood groen Gevaar bloeding rood oranje bloeding gevaar groen oranje')
INSERT [dbo].[RISICOMAATREGEL] ([PROJECTNUMMER], [RAPPORTNUMMER], [REGELNUMMER], [VOORGESTELDE_ACTIE_OF_VERBETERINGSMAATREGEL], [AFWIJKENDE_ACTIE_TER_UITVOERING], [RESTRISICO]) VALUES (8, 16, 3, N'fecit.', N'pars', N'groen oranje blauw groen blauw bloeding oranje rood oranje rood Gevaar bloeding blauw oranje geel geel')
INSERT [dbo].[RISICOMAATREGEL] ([PROJECTNUMMER], [RAPPORTNUMMER], [REGELNUMMER], [VOORGESTELDE_ACTIE_OF_VERBETERINGSMAATREGEL], [AFWIJKENDE_ACTIE_TER_UITVOERING], [RESTRISICO]) VALUES (11, 19, 5, N'rarendum vantis. ut eudis', N'sed', NULL)
INSERT [dbo].[RISICOMAATREGEL] ([PROJECTNUMMER], [RAPPORTNUMMER], [REGELNUMMER], [VOORGESTELDE_ACTIE_OF_VERBETERINGSMAATREGEL], [AFWIJKENDE_ACTIE_TER_UITVOERING], [RESTRISICO]) VALUES (14, 6, 17, N'nomen essit.', N'nomen eudis', N'eng groen rood eng geel rood geel oranje blauw oranje blauw gevaar bloeding oranje gevaar rood groen groen')
INSERT [dbo].[RISICOMAATREGEL] ([PROJECTNUMMER], [RAPPORTNUMMER], [REGELNUMMER], [VOORGESTELDE_ACTIE_OF_VERBETERINGSMAATREGEL], [AFWIJKENDE_ACTIE_TER_UITVOERING], [RESTRISICO]) VALUES (15, 15, 12, N'Sed apparens Id', N'non', N'bloeding Gevaar geel gevaar geel blauw blauw oranje bloeding oranje rood Gevaar eng bloeding gevaar Gevaar')
INSERT [dbo].[RISICOMAATREGEL] ([PROJECTNUMMER], [RAPPORTNUMMER], [REGELNUMMER], [VOORGESTELDE_ACTIE_OF_VERBETERINGSMAATREGEL], [AFWIJKENDE_ACTIE_TER_UITVOERING], [RESTRISICO]) VALUES (16, 2, 2, N'habitatio', N'non linguens', N'rood oranje oranje oranje blauw groen Gevaar Gevaar rood oranje Gevaar geel bloeding Gevaar oranje eng rood')
INSERT [dbo].[RISICOMAATREGEL] ([PROJECTNUMMER], [RAPPORTNUMMER], [REGELNUMMER], [VOORGESTELDE_ACTIE_OF_VERBETERINGSMAATREGEL], [AFWIJKENDE_ACTIE_TER_UITVOERING], [RESTRISICO]) VALUES (17, 8, 0, N'essit. Quad si', N'Tam regit,', N'rood geel groen Gevaar blauw rood geel groen oranje bloeding gevaar bloeding groen groen geel blauw Gevaar')
INSERT [dbo].[RISICOMAATREGEL] ([PROJECTNUMMER], [RAPPORTNUMMER], [REGELNUMMER], [VOORGESTELDE_ACTIE_OF_VERBETERINGSMAATREGEL], [AFWIJKENDE_ACTIE_TER_UITVOERING], [RESTRISICO]) VALUES (17, 14, 16, N'si manifestum', N'e', N'Gevaar eng gevaar blauw eng blauw eng rood blauw rood blauw eng groen blauw eng blauw oranje Gevaar bloeding Gevaar')
INSERT [dbo].[RISICOMAATREGEL] ([PROJECTNUMMER], [RAPPORTNUMMER], [REGELNUMMER], [VOORGESTELDE_ACTIE_OF_VERBETERINGSMAATREGEL], [AFWIJKENDE_ACTIE_TER_UITVOERING], [RESTRISICO]) VALUES (17, 17, 1, N'pars', N'novum nomen Pro', N'geel bloeding bloeding rood groen eng oranje blauw oranje geel groen bloeding oranje gevaar bloeding')
INSERT [dbo].[RISICOMAATREGEL] ([PROJECTNUMMER], [RAPPORTNUMMER], [REGELNUMMER], [VOORGESTELDE_ACTIE_OF_VERBETERINGSMAATREGEL], [AFWIJKENDE_ACTIE_TER_UITVOERING], [RESTRISICO]) VALUES (18, 3, 14, N'sed', N'in Sed', N'Gevaar groen oranje rood gevaar Gevaar eng blauw Gevaar blauw eng oranje Gevaar bloeding Gevaar bloeding')
INSERT [dbo].[RISICOMAATREGEL] ([PROJECTNUMMER], [RAPPORTNUMMER], [REGELNUMMER], [VOORGESTELDE_ACTIE_OF_VERBETERINGSMAATREGEL], [AFWIJKENDE_ACTIE_TER_UITVOERING], [RESTRISICO]) VALUES (18, 5, 6, N'bono', N'et essit. transit. esset', N'eng eng eng bloeding geel Gevaar rood bloeding eng bloeding bloeding gevaar eng eng bloeding rood rood eng geel rood')
INSERT [dbo].[RISICOMAATREGEL] ([PROJECTNUMMER], [RAPPORTNUMMER], [REGELNUMMER], [VOORGESTELDE_ACTIE_OF_VERBETERINGSMAATREGEL], [AFWIJKENDE_ACTIE_TER_UITVOERING], [RESTRISICO]) VALUES (19, 4, 8, N'estis volcans manifestum funem.', N'quad', N'Gevaar eng blauw geel rood groen geel oranje rood Gevaar gevaar blauw geel gevaar rood gevaar gevaar')
INSERT [dbo].[PLAN_VAN_AANPAK] ([PROJECTNUMMER], [RAPPORTNUMMER], [REGELNUMMER], [UITGEVOERD_DOOR], [EINDVERANTWOORDELIJKE], [DATUM_GEREED_GEPLAND], [PBM], [VOORLICHTING], [WERKINSTRUCTIE_PROCEDURE], [TRA], [CONTRACT_LIJST_], [PERIODIEKE_BEOORDELING]) VALUES (0, 12, 15, N'Patrick Heath', N'Louis Estes', N'07/03/2001', N'gravis si', N'fecit,', N'e fecundio, brevens,', N'novum e', N'Sed', N'Turquoise')
INSERT [dbo].[PLAN_VAN_AANPAK] ([PROJECTNUMMER], [RAPPORTNUMMER], [REGELNUMMER], [UITGEVOERD_DOOR], [EINDVERANTWOORDELIJKE], [DATUM_GEREED_GEPLAND], [PBM], [VOORLICHTING], [WERKINSTRUCTIE_PROCEDURE], [TRA], [CONTRACT_LIJST_], [PERIODIEKE_BEOORDELING]) VALUES (1, 0, 19, N'Jenifer Mendez', N'Shelby Ayers', N'03/02/2001', N'bono', N'parte', N'apparens ut', N'Versus', N'pars', N'LightYellow')
INSERT [dbo].[PLAN_VAN_AANPAK] ([PROJECTNUMMER], [RAPPORTNUMMER], [REGELNUMMER], [UITGEVOERD_DOOR], [EINDVERANTWOORDELIJKE], [DATUM_GEREED_GEPLAND], [PBM], [VOORLICHTING], [WERKINSTRUCTIE_PROCEDURE], [TRA], [CONTRACT_LIJST_], [PERIODIEKE_BEOORDELING]) VALUES (2, 18, 10, N'Tracey Whitney', N'Orlando Fernandez', N'01/02/2000', N'Et', N'plurissimum', N'in fecit. gravis in', NULL, N'Sed et', N'Silver')
INSERT [dbo].[PLAN_VAN_AANPAK] ([PROJECTNUMMER], [RAPPORTNUMMER], [REGELNUMMER], [UITGEVOERD_DOOR], [EINDVERANTWOORDELIJKE], [DATUM_GEREED_GEPLAND], [PBM], [VOORLICHTING], [WERKINSTRUCTIE_PROCEDURE], [TRA], [CONTRACT_LIJST_], [PERIODIEKE_BEOORDELING]) VALUES (3, 7, 4, N'Brooke Ferrell', N'Noel Page', N'08/01/2000', N'non bono', N'e non', N'fecit. essit. quad', N'rarendum essit.', N'vobis', N'Chartreuse')
INSERT [dbo].[PLAN_VAN_AANPAK] ([PROJECTNUMMER], [RAPPORTNUMMER], [REGELNUMMER], [UITGEVOERD_DOOR], [EINDVERANTWOORDELIJKE], [DATUM_GEREED_GEPLAND], [PBM], [VOORLICHTING], [WERKINSTRUCTIE_PROCEDURE], [TRA], [CONTRACT_LIJST_], [PERIODIEKE_BEOORDELING]) VALUES (5, 11, 9, N'Bobby Casey', N'Penny Benton', N'07/13/2001', N'e', N'Longam, gravis', N'Sed gravum et quo', N'quorum apparens ut', N'quorum novum', N'Teal')
INSERT [dbo].[PLAN_VAN_AANPAK] ([PROJECTNUMMER], [RAPPORTNUMMER], [REGELNUMMER], [UITGEVOERD_DOOR], [EINDVERANTWOORDELIJKE], [DATUM_GEREED_GEPLAND], [PBM], [VOORLICHTING], [WERKINSTRUCTIE_PROCEDURE], [TRA], [CONTRACT_LIJST_], [PERIODIEKE_BEOORDELING]) VALUES (5, 13, 18, N'Jacob Guerra', N'Martin Lawson', N'01/11/2002', N'non bono', N'non', N'Longam, vobis quo', N'et Sed quorum', N'si e', N'DimGray')
INSERT [dbo].[PLAN_VAN_AANPAK] ([PROJECTNUMMER], [RAPPORTNUMMER], [REGELNUMMER], [UITGEVOERD_DOOR], [EINDVERANTWOORDELIJKE], [DATUM_GEREED_GEPLAND], [PBM], [VOORLICHTING], [WERKINSTRUCTIE_PROCEDURE], [TRA], [CONTRACT_LIJST_], [PERIODIEKE_BEOORDELING]) VALUES (6, 1, 7, N'Anita Mc Neil', N'Alana Singleton', N'12/02/2000', N'novum', N'eggredior.', N'vantis. Quad', N'venit. plorum quo', N'novum', N'DodgerBlue')
INSERT [dbo].[PLAN_VAN_AANPAK] ([PROJECTNUMMER], [RAPPORTNUMMER], [REGELNUMMER], [UITGEVOERD_DOOR], [EINDVERANTWOORDELIJKE], [DATUM_GEREED_GEPLAND], [PBM], [VOORLICHTING], [WERKINSTRUCTIE_PROCEDURE], [TRA], [CONTRACT_LIJST_], [PERIODIEKE_BEOORDELING]) VALUES (7, 9, 13, N'Loretta Webster', N'Stephanie Baker', N'06/04/2002', N'venit. travissimantor trepicandor', N'et quoque Id estis', N'Versus plurissimum', N'quad fecundio,', N'quis', N'MediumVioletRed')
INSERT [dbo].[PLAN_VAN_AANPAK] ([PROJECTNUMMER], [RAPPORTNUMMER], [REGELNUMMER], [UITGEVOERD_DOOR], [EINDVERANTWOORDELIJKE], [DATUM_GEREED_GEPLAND], [PBM], [VOORLICHTING], [WERKINSTRUCTIE_PROCEDURE], [TRA], [CONTRACT_LIJST_], [PERIODIEKE_BEOORDELING]) VALUES (7, 10, 11, N'Keisha Harrington', N'Crystal Case', N'11/13/2002', N'et quoque brevens,', N'apparens', N'quorum quorum e et', N'quo, esset', N'cognitio, ut', N'PeachPuff')
INSERT [dbo].[PLAN_VAN_AANPAK] ([PROJECTNUMMER], [RAPPORTNUMMER], [REGELNUMMER], [UITGEVOERD_DOOR], [EINDVERANTWOORDELIJKE], [DATUM_GEREED_GEPLAND], [PBM], [VOORLICHTING], [WERKINSTRUCTIE_PROCEDURE], [TRA], [CONTRACT_LIJST_], [PERIODIEKE_BEOORDELING]) VALUES (8, 16, 3, N'Sandy Beck', N'Maria Donovan', N'10/11/2000', N'bono brevens,', N'Pro homo, Quad', N'brevens, fecit.', N'pladior', N'estis eggredior.', N'DimGrey')
INSERT [dbo].[PLAN_VAN_AANPAK] ([PROJECTNUMMER], [RAPPORTNUMMER], [REGELNUMMER], [UITGEVOERD_DOOR], [EINDVERANTWOORDELIJKE], [DATUM_GEREED_GEPLAND], [PBM], [VOORLICHTING], [WERKINSTRUCTIE_PROCEDURE], [TRA], [CONTRACT_LIJST_], [PERIODIEKE_BEOORDELING]) VALUES (11, 19, 5, N'Frank Li', N'Jocelyn Contreras', N'11/02/2000', N'plurissimum pars quad si gravis et', N'quad habitatio habitatio Longam, habitatio', N'venit. quad quad', N'non', N'funem. imaginator', N'HoneyDew')
INSERT [dbo].[PLAN_VAN_AANPAK] ([PROJECTNUMMER], [RAPPORTNUMMER], [REGELNUMMER], [UITGEVOERD_DOOR], [EINDVERANTWOORDELIJKE], [DATUM_GEREED_GEPLAND], [PBM], [VOORLICHTING], [WERKINSTRUCTIE_PROCEDURE], [TRA], [CONTRACT_LIJST_], [PERIODIEKE_BEOORDELING]) VALUES (14, 6, 17, N'Jason Holmes', N'Pedro Berry', N'10/16/2002', N'quoque quorum funem.', N'e apparens Pro habitatio Longam, eudis si', N'et parte linguens', N'homo,', N'quo,', N'CadetBlue')
INSERT [dbo].[PLAN_VAN_AANPAK] ([PROJECTNUMMER], [RAPPORTNUMMER], [REGELNUMMER], [UITGEVOERD_DOOR], [EINDVERANTWOORDELIJKE], [DATUM_GEREED_GEPLAND], [PBM], [VOORLICHTING], [WERKINSTRUCTIE_PROCEDURE], [TRA], [CONTRACT_LIJST_], [PERIODIEKE_BEOORDELING]) VALUES (15, 15, 12, N'Anitra Patel', N'Marilyn Pugh', N'11/17/2000', N'parte', N'nomen gravis ut', N'quad eggredior. si', N'esset', N'quo', N'SlateGray')
INSERT [dbo].[PLAN_VAN_AANPAK] ([PROJECTNUMMER], [RAPPORTNUMMER], [REGELNUMMER], [UITGEVOERD_DOOR], [EINDVERANTWOORDELIJKE], [DATUM_GEREED_GEPLAND], [PBM], [VOORLICHTING], [WERKINSTRUCTIE_PROCEDURE], [TRA], [CONTRACT_LIJST_], [PERIODIEKE_BEOORDELING]) VALUES (16, 2, 2, N'Aaron Adkins', N'Gregg Delgado', N'09/14/2000', N'brevens,', N'trepicandor', N'e et fecit. parte in', N'vantis.', N'nomen', N'Beige')
INSERT [dbo].[PLAN_VAN_AANPAK] ([PROJECTNUMMER], [RAPPORTNUMMER], [REGELNUMMER], [UITGEVOERD_DOOR], [EINDVERANTWOORDELIJKE], [DATUM_GEREED_GEPLAND], [PBM], [VOORLICHTING], [WERKINSTRUCTIE_PROCEDURE], [TRA], [CONTRACT_LIJST_], [PERIODIEKE_BEOORDELING]) VALUES (17, 8, 0, N'Howard Harrington', N'Bryan Ellison', N'02/08/2000', N'esset', N'quad ut', N'travissimantor', N'vantis.', N'quartu Longam,', N'DarkSlateGray')
INSERT [dbo].[PLAN_VAN_AANPAK] ([PROJECTNUMMER], [RAPPORTNUMMER], [REGELNUMMER], [UITGEVOERD_DOOR], [EINDVERANTWOORDELIJKE], [DATUM_GEREED_GEPLAND], [PBM], [VOORLICHTING], [WERKINSTRUCTIE_PROCEDURE], [TRA], [CONTRACT_LIJST_], [PERIODIEKE_BEOORDELING]) VALUES (17, 14, 16, N'Molly Butler', N'Elena Murray', N'06/01/2001', N'et habitatio', N'vantis. dolorum', N'quorum quartu novum', N'vantis. Longam,', N'fecit.', N'DarkGray')
INSERT [dbo].[PLAN_VAN_AANPAK] ([PROJECTNUMMER], [RAPPORTNUMMER], [REGELNUMMER], [UITGEVOERD_DOOR], [EINDVERANTWOORDELIJKE], [DATUM_GEREED_GEPLAND], [PBM], [VOORLICHTING], [WERKINSTRUCTIE_PROCEDURE], [TRA], [CONTRACT_LIJST_], [PERIODIEKE_BEOORDELING]) VALUES (17, 17, 1, N'Suzanne Sweeney', N'Cari Pace', N'05/00/2000', N'quoque', N'et volcans', N'non in manifestum', N'esset apparens et', N'esset ut eggredior.', N'Red')
INSERT [dbo].[PLAN_VAN_AANPAK] ([PROJECTNUMMER], [RAPPORTNUMMER], [REGELNUMMER], [UITGEVOERD_DOOR], [EINDVERANTWOORDELIJKE], [DATUM_GEREED_GEPLAND], [PBM], [VOORLICHTING], [WERKINSTRUCTIE_PROCEDURE], [TRA], [CONTRACT_LIJST_], [PERIODIEKE_BEOORDELING]) VALUES (18, 3, 14, N'Brock Grimes', N'Shawna Hines', N'11/16/2002', N'essit. fecit,', N'ut non', N'rarendum Sed quartu', N'sed novum', N'eggredior.', N'DodgerBlue')
INSERT [dbo].[PLAN_VAN_AANPAK] ([PROJECTNUMMER], [RAPPORTNUMMER], [REGELNUMMER], [UITGEVOERD_DOOR], [EINDVERANTWOORDELIJKE], [DATUM_GEREED_GEPLAND], [PBM], [VOORLICHTING], [WERKINSTRUCTIE_PROCEDURE], [TRA], [CONTRACT_LIJST_], [PERIODIEKE_BEOORDELING]) VALUES (18, 5, 6, N'Shaun Moody', N'Dwayne Key', N'05/06/2001', N'e', N'dolorum apparens', N'vantis. Versus', N'gravum', N'dolorum egreddior', N'Olive')
INSERT [dbo].[PLAN_VAN_AANPAK] ([PROJECTNUMMER], [RAPPORTNUMMER], [REGELNUMMER], [UITGEVOERD_DOOR], [EINDVERANTWOORDELIJKE], [DATUM_GEREED_GEPLAND], [PBM], [VOORLICHTING], [WERKINSTRUCTIE_PROCEDURE], [TRA], [CONTRACT_LIJST_], [PERIODIEKE_BEOORDELING]) VALUES (19, 4, 8, N'Christie Wells', N'Matthew Lowery', N'12/07/2000', N'Versus', N'regit, Quad gravis', N'in gravis linguens', N'homo,', N'quorum vobis', N'LawnGreen')
INSERT [dbo].[PERIODIEKE_BEOORDELING] ([PROJECTNUMMER], [RAPPORTNUMMER], [REGELNUMMER], [DATUM_LAATSTE_BEOORDELING], [INSPECTIE_IS_DE_ACTIE_UITGEVOERD], [OPMERKING_STAND_VAN_ZAKEN], [STAND_VAN_ZAKEN], [SCORE]) VALUES (0, 12, 15, N'04/07', 1, N'Hapkilefistor', N'Tupwerommicator', CAST(3.79 AS Numeric(9, 2)))
INSERT [dbo].[PERIODIEKE_BEOORDELING] ([PROJECTNUMMER], [RAPPORTNUMMER], [REGELNUMMER], [DATUM_LAATSTE_BEOORDELING], [INSPECTIE_IS_DE_ACTIE_UITGEVOERD], [OPMERKING_STAND_VAN_ZAKEN], [STAND_VAN_ZAKEN], [SCORE]) VALUES (1, 0, 19, N'12/06', 0, N'Thruquestadex', N'Supmunin', CAST(44.00 AS Numeric(9, 2)))
INSERT [dbo].[PERIODIEKE_BEOORDELING] ([PROJECTNUMMER], [RAPPORTNUMMER], [REGELNUMMER], [DATUM_LAATSTE_BEOORDELING], [INSPECTIE_IS_DE_ACTIE_UITGEVOERD], [OPMERKING_STAND_VAN_ZAKEN], [STAND_VAN_ZAKEN], [SCORE]) VALUES (2, 18, 10, N'06/13', 0, N'Zeetanentor', N'Unwerpefazz', CAST(49.18 AS Numeric(9, 2)))
INSERT [dbo].[PERIODIEKE_BEOORDELING] ([PROJECTNUMMER], [RAPPORTNUMMER], [REGELNUMMER], [DATUM_LAATSTE_BEOORDELING], [INSPECTIE_IS_DE_ACTIE_UITGEVOERD], [OPMERKING_STAND_VAN_ZAKEN], [STAND_VAN_ZAKEN], [SCORE]) VALUES (3, 7, 4, N'06/19', 1, N'Hapmunover', N'Klihupamantor', CAST(66.66 AS Numeric(9, 2)))
INSERT [dbo].[PERIODIEKE_BEOORDELING] ([PROJECTNUMMER], [RAPPORTNUMMER], [REGELNUMMER], [DATUM_LAATSTE_BEOORDELING], [INSPECTIE_IS_DE_ACTIE_UITGEVOERD], [OPMERKING_STAND_VAN_ZAKEN], [STAND_VAN_ZAKEN], [SCORE]) VALUES (5, 11, 9, N'12/19', 1, N'Lomkilplicator', N'Thrutanefin', CAST(14.93 AS Numeric(9, 2)))
INSERT [dbo].[PERIODIEKE_BEOORDELING] ([PROJECTNUMMER], [RAPPORTNUMMER], [REGELNUMMER], [DATUM_LAATSTE_BEOORDELING], [INSPECTIE_IS_DE_ACTIE_UITGEVOERD], [OPMERKING_STAND_VAN_ZAKEN], [STAND_VAN_ZAKEN], [SCORE]) VALUES (5, 13, 18, N'12/01', 1, N'Endpickantor', N'Cipdimamower', CAST(11.19 AS Numeric(9, 2)))
INSERT [dbo].[PERIODIEKE_BEOORDELING] ([PROJECTNUMMER], [RAPPORTNUMMER], [REGELNUMMER], [DATUM_LAATSTE_BEOORDELING], [INSPECTIE_IS_DE_ACTIE_UITGEVOERD], [OPMERKING_STAND_VAN_ZAKEN], [STAND_VAN_ZAKEN], [SCORE]) VALUES (6, 1, 7, N'09/17', 0, N'Froerupower', N'Tupmunaquantor', CAST(64.47 AS Numeric(9, 2)))
INSERT [dbo].[PERIODIEKE_BEOORDELING] ([PROJECTNUMMER], [RAPPORTNUMMER], [REGELNUMMER], [DATUM_LAATSTE_BEOORDELING], [INSPECTIE_IS_DE_ACTIE_UITGEVOERD], [OPMERKING_STAND_VAN_ZAKEN], [STAND_VAN_ZAKEN], [SCORE]) VALUES (7, 9, 13, N'10/00', 0, N'Barcadedistor', N'Monfropicator', CAST(50.68 AS Numeric(9, 2)))
INSERT [dbo].[PERIODIEKE_BEOORDELING] ([PROJECTNUMMER], [RAPPORTNUMMER], [REGELNUMMER], [DATUM_LAATSTE_BEOORDELING], [INSPECTIE_IS_DE_ACTIE_UITGEVOERD], [OPMERKING_STAND_VAN_ZAKEN], [STAND_VAN_ZAKEN], [SCORE]) VALUES (7, 10, 11, N'06/07', 1, N'Unpickaquan', N'Doptinin', CAST(77.26 AS Numeric(9, 2)))
INSERT [dbo].[PERIODIEKE_BEOORDELING] ([PROJECTNUMMER], [RAPPORTNUMMER], [REGELNUMMER], [DATUM_LAATSTE_BEOORDELING], [INSPECTIE_IS_DE_ACTIE_UITGEVOERD], [OPMERKING_STAND_VAN_ZAKEN], [STAND_VAN_ZAKEN], [SCORE]) VALUES (8, 16, 3, N'05/10', 1, N'Tipjubar', NULL, NULL)
INSERT [dbo].[PERIODIEKE_BEOORDELING] ([PROJECTNUMMER], [RAPPORTNUMMER], [REGELNUMMER], [DATUM_LAATSTE_BEOORDELING], [INSPECTIE_IS_DE_ACTIE_UITGEVOERD], [OPMERKING_STAND_VAN_ZAKEN], [STAND_VAN_ZAKEN], [SCORE]) VALUES (11, 19, 5, N'06/02', 0, N'Indimplover', N'Trumunanex', CAST(52.19 AS Numeric(9, 2)))
INSERT [dbo].[PERIODIEKE_BEOORDELING] ([PROJECTNUMMER], [RAPPORTNUMMER], [REGELNUMMER], [DATUM_LAATSTE_BEOORDELING], [INSPECTIE_IS_DE_ACTIE_UITGEVOERD], [OPMERKING_STAND_VAN_ZAKEN], [STAND_VAN_ZAKEN], [SCORE]) VALUES (14, 6, 17, N'08/11', 1, N'Groweristor', N'Varmunefazz', CAST(62.30 AS Numeric(9, 2)))
INSERT [dbo].[PERIODIEKE_BEOORDELING] ([PROJECTNUMMER], [RAPPORTNUMMER], [REGELNUMMER], [DATUM_LAATSTE_BEOORDELING], [INSPECTIE_IS_DE_ACTIE_UITGEVOERD], [OPMERKING_STAND_VAN_ZAKEN], [STAND_VAN_ZAKEN], [SCORE]) VALUES (15, 15, 12, N'08/16', 1, N'Winnipistor', N'Winbanover', CAST(40.96 AS Numeric(9, 2)))
INSERT [dbo].[PERIODIEKE_BEOORDELING] ([PROJECTNUMMER], [RAPPORTNUMMER], [REGELNUMMER], [DATUM_LAATSTE_BEOORDELING], [INSPECTIE_IS_DE_ACTIE_UITGEVOERD], [OPMERKING_STAND_VAN_ZAKEN], [STAND_VAN_ZAKEN], [SCORE]) VALUES (16, 2, 2, N'04/17', 0, N'Trubanover', N'Thrupebex', CAST(78.05 AS Numeric(9, 2)))
INSERT [dbo].[PERIODIEKE_BEOORDELING] ([PROJECTNUMMER], [RAPPORTNUMMER], [REGELNUMMER], [DATUM_LAATSTE_BEOORDELING], [INSPECTIE_IS_DE_ACTIE_UITGEVOERD], [OPMERKING_STAND_VAN_ZAKEN], [STAND_VAN_ZAKEN], [SCORE]) VALUES (17, 8, 0, N'02/06', 1, N'Thruquestedicator', N'Rapwerantor', CAST(67.84 AS Numeric(9, 2)))
INSERT [dbo].[PERIODIEKE_BEOORDELING] ([PROJECTNUMMER], [RAPPORTNUMMER], [REGELNUMMER], [DATUM_LAATSTE_BEOORDELING], [INSPECTIE_IS_DE_ACTIE_UITGEVOERD], [OPMERKING_STAND_VAN_ZAKEN], [STAND_VAN_ZAKEN], [SCORE]) VALUES (17, 14, 16, N'08/05', 1, N'Tupfropower', N'Tipdimanazz', CAST(32.45 AS Numeric(9, 2)))
INSERT [dbo].[PERIODIEKE_BEOORDELING] ([PROJECTNUMMER], [RAPPORTNUMMER], [REGELNUMMER], [DATUM_LAATSTE_BEOORDELING], [INSPECTIE_IS_DE_ACTIE_UITGEVOERD], [OPMERKING_STAND_VAN_ZAKEN], [STAND_VAN_ZAKEN], [SCORE]) VALUES (17, 17, 1, N'01/05', 1, N'Cipericator', N'Klidimicator', CAST(88.12 AS Numeric(9, 2)))
INSERT [dbo].[PERIODIEKE_BEOORDELING] ([PROJECTNUMMER], [RAPPORTNUMMER], [REGELNUMMER], [DATUM_LAATSTE_BEOORDELING], [INSPECTIE_IS_DE_ACTIE_UITGEVOERD], [OPMERKING_STAND_VAN_ZAKEN], [STAND_VAN_ZAKEN], [SCORE]) VALUES (18, 3, 14, N'03/09', 0, N'Varrobamentor', N'Monbanewantor', CAST(29.80 AS Numeric(9, 2)))
INSERT [dbo].[PERIODIEKE_BEOORDELING] ([PROJECTNUMMER], [RAPPORTNUMMER], [REGELNUMMER], [DATUM_LAATSTE_BEOORDELING], [INSPECTIE_IS_DE_ACTIE_UITGEVOERD], [OPMERKING_STAND_VAN_ZAKEN], [STAND_VAN_ZAKEN], [SCORE]) VALUES (18, 5, 6, N'05/15', 1, N'Bareregar', N'Doptinefor', CAST(15.90 AS Numeric(9, 2)))
INSERT [dbo].[PERIODIEKE_BEOORDELING] ([PROJECTNUMMER], [RAPPORTNUMMER], [REGELNUMMER], [DATUM_LAATSTE_BEOORDELING], [INSPECTIE_IS_DE_ACTIE_UITGEVOERD], [OPMERKING_STAND_VAN_ZAKEN], [STAND_VAN_ZAKEN], [SCORE]) VALUES (19, 4, 8, N'10/15', 0, N'Dopcadexazz', N'Monpebower', CAST(7.64 AS Numeric(9, 2)))
INSERT [dbo].[FINE_EN_KINNEY] ([PROJECTNUMMER], [RAPPORTNUMMER], [REGELNUMMER], [FINE_EN_KINNEY_TYPE], [ERNST_VAN_HET_ONGEVAL], [KANS_OP_BLOOTSTELLING], [KANS_OP_WAARSCHIJNLIJKHEID]) VALUES (0, 12, 15, N'rapportregel', CAST(100.00 AS Numeric(9, 2)), CAST(2.00 AS Numeric(9, 2)), CAST(0.00 AS Numeric(9, 2)))
INSERT [dbo].[FINE_EN_KINNEY] ([PROJECTNUMMER], [RAPPORTNUMMER], [REGELNUMMER], [FINE_EN_KINNEY_TYPE], [ERNST_VAN_HET_ONGEVAL], [KANS_OP_BLOOTSTELLING], [KANS_OP_WAARSCHIJNLIJKHEID]) VALUES (1, 0, 19, N'rapportregel', CAST(40.00 AS Numeric(9, 2)), CAST(0.00 AS Numeric(9, 2)), CAST(1.00 AS Numeric(9, 2)))
INSERT [dbo].[FINE_EN_KINNEY] ([PROJECTNUMMER], [RAPPORTNUMMER], [REGELNUMMER], [FINE_EN_KINNEY_TYPE], [ERNST_VAN_HET_ONGEVAL], [KANS_OP_BLOOTSTELLING], [KANS_OP_WAARSCHIJNLIJKHEID]) VALUES (2, 18, 10, N'maatregel', CAST(1.00 AS Numeric(9, 2)), CAST(10.00 AS Numeric(9, 2)), CAST(1.00 AS Numeric(9, 2)))
INSERT [dbo].[FINE_EN_KINNEY] ([PROJECTNUMMER], [RAPPORTNUMMER], [REGELNUMMER], [FINE_EN_KINNEY_TYPE], [ERNST_VAN_HET_ONGEVAL], [KANS_OP_BLOOTSTELLING], [KANS_OP_WAARSCHIJNLIJKHEID]) VALUES (3, 7, 4, N'maatregel', CAST(7.00 AS Numeric(9, 2)), CAST(6.00 AS Numeric(9, 2)), CAST(0.00 AS Numeric(9, 2)))
INSERT [dbo].[FINE_EN_KINNEY] ([PROJECTNUMMER], [RAPPORTNUMMER], [REGELNUMMER], [FINE_EN_KINNEY_TYPE], [ERNST_VAN_HET_ONGEVAL], [KANS_OP_BLOOTSTELLING], [KANS_OP_WAARSCHIJNLIJKHEID]) VALUES (5, 11, 9, N'maatregel', CAST(100.00 AS Numeric(9, 2)), CAST(1.00 AS Numeric(9, 2)), CAST(3.00 AS Numeric(9, 2)))
INSERT [dbo].[FINE_EN_KINNEY] ([PROJECTNUMMER], [RAPPORTNUMMER], [REGELNUMMER], [FINE_EN_KINNEY_TYPE], [ERNST_VAN_HET_ONGEVAL], [KANS_OP_BLOOTSTELLING], [KANS_OP_WAARSCHIJNLIJKHEID]) VALUES (5, 13, 18, N'Actie', CAST(15.00 AS Numeric(9, 2)), CAST(2.00 AS Numeric(9, 2)), CAST(0.00 AS Numeric(9, 2)))
INSERT [dbo].[FINE_EN_KINNEY] ([PROJECTNUMMER], [RAPPORTNUMMER], [REGELNUMMER], [FINE_EN_KINNEY_TYPE], [ERNST_VAN_HET_ONGEVAL], [KANS_OP_BLOOTSTELLING], [KANS_OP_WAARSCHIJNLIJKHEID]) VALUES (6, 1, 7, N'rapportregel', CAST(15.00 AS Numeric(9, 2)), CAST(3.00 AS Numeric(9, 2)), CAST(3.00 AS Numeric(9, 2)))
INSERT [dbo].[FINE_EN_KINNEY] ([PROJECTNUMMER], [RAPPORTNUMMER], [REGELNUMMER], [FINE_EN_KINNEY_TYPE], [ERNST_VAN_HET_ONGEVAL], [KANS_OP_BLOOTSTELLING], [KANS_OP_WAARSCHIJNLIJKHEID]) VALUES (7, 9, 13, N'maatregel', CAST(100.00 AS Numeric(9, 2)), CAST(1.00 AS Numeric(9, 2)), CAST(6.00 AS Numeric(9, 2)))
INSERT [dbo].[FINE_EN_KINNEY] ([PROJECTNUMMER], [RAPPORTNUMMER], [REGELNUMMER], [FINE_EN_KINNEY_TYPE], [ERNST_VAN_HET_ONGEVAL], [KANS_OP_BLOOTSTELLING], [KANS_OP_WAARSCHIJNLIJKHEID]) VALUES (7, 10, 11, N'maatregel', CAST(100.00 AS Numeric(9, 2)), CAST(2.00 AS Numeric(9, 2)), CAST(2.00 AS Numeric(9, 2)))
INSERT [dbo].[FINE_EN_KINNEY] ([PROJECTNUMMER], [RAPPORTNUMMER], [REGELNUMMER], [FINE_EN_KINNEY_TYPE], [ERNST_VAN_HET_ONGEVAL], [KANS_OP_BLOOTSTELLING], [KANS_OP_WAARSCHIJNLIJKHEID]) VALUES (8, 16, 3, N'Actie', CAST(15.00 AS Numeric(9, 2)), CAST(1.00 AS Numeric(9, 2)), CAST(0.00 AS Numeric(9, 2)))
INSERT [dbo].[FINE_EN_KINNEY] ([PROJECTNUMMER], [RAPPORTNUMMER], [REGELNUMMER], [FINE_EN_KINNEY_TYPE], [ERNST_VAN_HET_ONGEVAL], [KANS_OP_BLOOTSTELLING], [KANS_OP_WAARSCHIJNLIJKHEID]) VALUES (11, 19, 5, N'rapportregel', CAST(7.00 AS Numeric(9, 2)), CAST(3.00 AS Numeric(9, 2)), CAST(10.00 AS Numeric(9, 2)))
INSERT [dbo].[FINE_EN_KINNEY] ([PROJECTNUMMER], [RAPPORTNUMMER], [REGELNUMMER], [FINE_EN_KINNEY_TYPE], [ERNST_VAN_HET_ONGEVAL], [KANS_OP_BLOOTSTELLING], [KANS_OP_WAARSCHIJNLIJKHEID]) VALUES (14, 6, 17, N'Actie', CAST(3.00 AS Numeric(9, 2)), CAST(10.00 AS Numeric(9, 2)), CAST(1.00 AS Numeric(9, 2)))
INSERT [dbo].[FINE_EN_KINNEY] ([PROJECTNUMMER], [RAPPORTNUMMER], [REGELNUMMER], [FINE_EN_KINNEY_TYPE], [ERNST_VAN_HET_ONGEVAL], [KANS_OP_BLOOTSTELLING], [KANS_OP_WAARSCHIJNLIJKHEID]) VALUES (15, 15, 12, N'Actie', CAST(7.00 AS Numeric(9, 2)), CAST(10.00 AS Numeric(9, 2)), CAST(1.00 AS Numeric(9, 2)))
INSERT [dbo].[FINE_EN_KINNEY] ([PROJECTNUMMER], [RAPPORTNUMMER], [REGELNUMMER], [FINE_EN_KINNEY_TYPE], [ERNST_VAN_HET_ONGEVAL], [KANS_OP_BLOOTSTELLING], [KANS_OP_WAARSCHIJNLIJKHEID]) VALUES (16, 2, 2, N'Actie', CAST(100.00 AS Numeric(9, 2)), CAST(3.00 AS Numeric(9, 2)), CAST(5.00 AS Numeric(9, 2)))
INSERT [dbo].[FINE_EN_KINNEY] ([PROJECTNUMMER], [RAPPORTNUMMER], [REGELNUMMER], [FINE_EN_KINNEY_TYPE], [ERNST_VAN_HET_ONGEVAL], [KANS_OP_BLOOTSTELLING], [KANS_OP_WAARSCHIJNLIJKHEID]) VALUES (17, 8, 0, N'rapportregel', CAST(7.00 AS Numeric(9, 2)), CAST(0.00 AS Numeric(9, 2)), CAST(6.00 AS Numeric(9, 2)))
INSERT [dbo].[FINE_EN_KINNEY] ([PROJECTNUMMER], [RAPPORTNUMMER], [REGELNUMMER], [FINE_EN_KINNEY_TYPE], [ERNST_VAN_HET_ONGEVAL], [KANS_OP_BLOOTSTELLING], [KANS_OP_WAARSCHIJNLIJKHEID]) VALUES (17, 14, 16, N'rapportregel', CAST(1.00 AS Numeric(9, 2)), CAST(3.00 AS Numeric(9, 2)), CAST(0.00 AS Numeric(9, 2)))
INSERT [dbo].[FINE_EN_KINNEY] ([PROJECTNUMMER], [RAPPORTNUMMER], [REGELNUMMER], [FINE_EN_KINNEY_TYPE], [ERNST_VAN_HET_ONGEVAL], [KANS_OP_BLOOTSTELLING], [KANS_OP_WAARSCHIJNLIJKHEID]) VALUES (17, 17, 1, N'maatregel', CAST(100.00 AS Numeric(9, 2)), CAST(1.00 AS Numeric(9, 2)), CAST(6.00 AS Numeric(9, 2)))
INSERT [dbo].[FINE_EN_KINNEY] ([PROJECTNUMMER], [RAPPORTNUMMER], [REGELNUMMER], [FINE_EN_KINNEY_TYPE], [ERNST_VAN_HET_ONGEVAL], [KANS_OP_BLOOTSTELLING], [KANS_OP_WAARSCHIJNLIJKHEID]) VALUES (18, 3, 14, N'rapportregel', CAST(7.00 AS Numeric(9, 2)), CAST(10.00 AS Numeric(9, 2)), CAST(0.00 AS Numeric(9, 2)))
INSERT [dbo].[FINE_EN_KINNEY] ([PROJECTNUMMER], [RAPPORTNUMMER], [REGELNUMMER], [FINE_EN_KINNEY_TYPE], [ERNST_VAN_HET_ONGEVAL], [KANS_OP_BLOOTSTELLING], [KANS_OP_WAARSCHIJNLIJKHEID]) VALUES (18, 5, 6, N'maatregel', CAST(15.00 AS Numeric(9, 2)), CAST(6.00 AS Numeric(9, 2)), CAST(0.00 AS Numeric(9, 2)))
INSERT [dbo].[FINE_EN_KINNEY] ([PROJECTNUMMER], [RAPPORTNUMMER], [REGELNUMMER], [FINE_EN_KINNEY_TYPE], [ERNST_VAN_HET_ONGEVAL], [KANS_OP_BLOOTSTELLING], [KANS_OP_WAARSCHIJNLIJKHEID]) VALUES (19, 4, 8, N'Actie', CAST(1.00 AS Numeric(9, 2)), CAST(0.00 AS Numeric(9, 2)), CAST(5.00 AS Numeric(9, 2)))
INSERT [dbo].[VISUELE_BEOORDELING] ([PROJECTNUMMER], [RAPPORTNUMMER], [REGELNUMMER], [PROCES], [MACHINE_ONDERDEEL_], [AFDELING]) VALUES (0, 12, 15, N'travissimantor eggredior. quad brevens,', N'Zeehupover  ', N'Marketing')
INSERT [dbo].[VISUELE_BEOORDELING] ([PROJECTNUMMER], [RAPPORTNUMMER], [REGELNUMMER], [PROCES], [MACHINE_ONDERDEEL_], [AFDELING]) VALUES (1, 0, 19, N'vobis apparens novum', N'Lomsapomman Direct ', N'Marketing')
INSERT [dbo].[VISUELE_BEOORDELING] ([PROJECTNUMMER], [RAPPORTNUMMER], [REGELNUMMER], [PROCES], [MACHINE_ONDERDEEL_], [AFDELING]) VALUES (2, 18, 10, N'et', N'Tiperanower International ', N'Web')
INSERT [dbo].[VISUELE_BEOORDELING] ([PROJECTNUMMER], [RAPPORTNUMMER], [REGELNUMMER], [PROCES], [MACHINE_ONDERDEEL_], [AFDELING]) VALUES (3, 7, 4, N'pladior et', N'Groweror WorldWide ', N'Marketing')
INSERT [dbo].[VISUELE_BEOORDELING] ([PROJECTNUMMER], [RAPPORTNUMMER], [REGELNUMMER], [PROCES], [MACHINE_ONDERDEEL_], [AFDELING]) VALUES (5, 11, 9, N'venit.', N'Thrutaniman Holdings Group', N'Marketing')
INSERT [dbo].[VISUELE_BEOORDELING] ([PROJECTNUMMER], [RAPPORTNUMMER], [REGELNUMMER], [PROCES], [MACHINE_ONDERDEEL_], [AFDELING]) VALUES (5, 13, 18, N'linguens', N'Winhupantor Direct ', N'Accounting')
INSERT [dbo].[VISUELE_BEOORDELING] ([PROJECTNUMMER], [RAPPORTNUMMER], [REGELNUMMER], [PROCES], [MACHINE_ONDERDEEL_], [AFDELING]) VALUES (6, 1, 7, N'cognitio, in', N'Surzapefover WorldWide Corp.', N'Cutomer')
INSERT [dbo].[VISUELE_BEOORDELING] ([PROJECTNUMMER], [RAPPORTNUMMER], [REGELNUMMER], [PROCES], [MACHINE_ONDERDEEL_], [AFDELING]) VALUES (7, 9, 13, N'glavans egreddior et', N'Trupickan International ', N'Service')
INSERT [dbo].[VISUELE_BEOORDELING] ([PROJECTNUMMER], [RAPPORTNUMMER], [REGELNUMMER], [PROCES], [MACHINE_ONDERDEEL_], [AFDELING]) VALUES (7, 10, 11, N'apparens', N'Updudilicator International ', N'Web')
INSERT [dbo].[VISUELE_BEOORDELING] ([PROJECTNUMMER], [RAPPORTNUMMER], [REGELNUMMER], [PROCES], [MACHINE_ONDERDEEL_], [AFDELING]) VALUES (8, 16, 3, N'quad transit.', N'Varjubentor Holdings ', N'Corporate Care')
INSERT [dbo].[VISUELE_BEOORDELING] ([PROJECTNUMMER], [RAPPORTNUMMER], [REGELNUMMER], [PROCES], [MACHINE_ONDERDEEL_], [AFDELING]) VALUES (11, 19, 5, N'funem.', N'Klierin Direct Inc', N'Accounting')
INSERT [dbo].[VISUELE_BEOORDELING] ([PROJECTNUMMER], [RAPPORTNUMMER], [REGELNUMMER], [PROCES], [MACHINE_ONDERDEEL_], [AFDELING]) VALUES (14, 6, 17, N'Sed transit.', N'Grorobanover  ', N'Prepaid Customer')
INSERT [dbo].[VISUELE_BEOORDELING] ([PROJECTNUMMER], [RAPPORTNUMMER], [REGELNUMMER], [PROCES], [MACHINE_ONDERDEEL_], [AFDELING]) VALUES (15, 15, 12, N'essit.', N'Endpickower  ', N'Service')
INSERT [dbo].[VISUELE_BEOORDELING] ([PROJECTNUMMER], [RAPPORTNUMMER], [REGELNUMMER], [PROCES], [MACHINE_ONDERDEEL_], [AFDELING]) VALUES (16, 2, 2, N'Et eggredior.', N'Varbanewicator Holdings Inc', N'Accounting')
INSERT [dbo].[VISUELE_BEOORDELING] ([PROJECTNUMMER], [RAPPORTNUMMER], [REGELNUMMER], [PROCES], [MACHINE_ONDERDEEL_], [AFDELING]) VALUES (17, 8, 0, N'volcans gravis', N'Grotanin  Corp.', N'Cutomer')
INSERT [dbo].[VISUELE_BEOORDELING] ([PROJECTNUMMER], [RAPPORTNUMMER], [REGELNUMMER], [PROCES], [MACHINE_ONDERDEEL_], [AFDELING]) VALUES (17, 14, 16, N'quo', N'Empebar International ', N'Web')
INSERT [dbo].[VISUELE_BEOORDELING] ([PROJECTNUMMER], [RAPPORTNUMMER], [REGELNUMMER], [PROCES], [MACHINE_ONDERDEEL_], [AFDELING]) VALUES (17, 17, 1, N'quo, rarendum manifestum vantis. apparens', N'Haptumaquor International ', N'Accounting')
INSERT [dbo].[VISUELE_BEOORDELING] ([PROJECTNUMMER], [RAPPORTNUMMER], [REGELNUMMER], [PROCES], [MACHINE_ONDERDEEL_], [AFDELING]) VALUES (18, 3, 14, N'quad regit, nomen', N'Unpebazz Holdings ', N'Corporate Care')
INSERT [dbo].[VISUELE_BEOORDELING] ([PROJECTNUMMER], [RAPPORTNUMMER], [REGELNUMMER], [PROCES], [MACHINE_ONDERDEEL_], [AFDELING]) VALUES (18, 5, 6, N'quo Tam si et bono', N'Supzapilover Direct ', N'Corporate Care')
INSERT [dbo].[VISUELE_BEOORDELING] ([PROJECTNUMMER], [RAPPORTNUMMER], [REGELNUMMER], [PROCES], [MACHINE_ONDERDEEL_], [AFDELING]) VALUES (19, 4, 8, N'pladior', N'Unwerpantor International ', N'Corporate Care')
INSERT [dbo].[AFBEELDING] ([URL], [PROJECTNUMMER], [RAPPORTNUMMER], [REGELNUMMER], [AFBEELDING_TYPE], [THUMBNAIL_URL]) VALUES (N'http://akee.netr53/gmpbv/thkby/spojw/ecklw/xrlvs.html', 0, 12, 15, N'fecundio,', N'https://lvz.locali7/nowne/pnvgr/sysf.aspx')
INSERT [dbo].[AFBEELDING] ([URL], [PROJECTNUMMER], [RAPPORTNUMMER], [REGELNUMMER], [AFBEELDING_TYPE], [THUMBNAIL_URL]) VALUES (N'http://czez.localp50/izgte/isgod/ygwus/bztmm/ogajn.php', 5, 13, 18, N'non Tam', N'https://itwp.local/lohmo/mzrya/vyeno.aspx')
INSERT [dbo].[AFBEELDING] ([URL], [PROJECTNUMMER], [RAPPORTNUMMER], [REGELNUMMER], [AFBEELDING_TYPE], [THUMBNAIL_URL]) VALUES (N'http://fpzgr.webl33/duyiq/haztg/kihyg/tsuqy.html', 14, 6, 17, N'quo si', N'http://nyfp.net26/aqumb/oesd.htm')
INSERT [dbo].[AFBEELDING] ([URL], [PROJECTNUMMER], [RAPPORTNUMMER], [REGELNUMMER], [AFBEELDING_TYPE], [THUMBNAIL_URL]) VALUES (N'http://jlhqh.nete67/gqmnz/wbbso/izkxe/jxkts/kcers.php', 17, 14, 16, N'cognitio,', N'http://nad.local02/avpgl/snapv/fnpxe/bbz.aspx')
INSERT [dbo].[AFBEELDING] ([URL], [PROJECTNUMMER], [RAPPORTNUMMER], [REGELNUMMER], [AFBEELDING_TYPE], [THUMBNAIL_URL]) VALUES (N'http://kzspf.netd99/vxugj/wuqsg/gwulg/nnmsv/mlysv.htm', 18, 3, 14, NULL, N'http://yuemj.neth6/qtfvs/dfiew.htm')
INSERT [dbo].[AFBEELDING] ([URL], [PROJECTNUMMER], [RAPPORTNUMMER], [REGELNUMMER], [AFBEELDING_TYPE], [THUMBNAIL_URL]) VALUES (N'http://plwew.nets56/owkkw/lxywz/lmtqj/gtmhm.htm', 6, 1, 7, N'et vobis', N'https://uihwh.web63/tlozp/gaghq/iedha/mngwn/qkg.aspx')
INSERT [dbo].[AFBEELDING] ([URL], [PROJECTNUMMER], [RAPPORTNUMMER], [REGELNUMMER], [AFBEELDING_TYPE], [THUMBNAIL_URL]) VALUES (N'http://qflbi.webs2/zsbnh/irxwg/iacfy.htm', 5, 13, 18, N'et funem.', N'https://vwv.webk/wbvic/zpazp/wrhro/ahm.htm')
INSERT [dbo].[AFBEELDING] ([URL], [PROJECTNUMMER], [RAPPORTNUMMER], [REGELNUMMER], [AFBEELDING_TYPE], [THUMBNAIL_URL]) VALUES (N'http://rofpz.webk95/yxgol/aayyd/xdere/ttxfv/hrxse.html', 14, 6, 17, N'funem. ut', N'https://eeog.local13/nrbzw/qvlou.htm')
INSERT [dbo].[AFBEELDING] ([URL], [PROJECTNUMMER], [RAPPORTNUMMER], [REGELNUMMER], [AFBEELDING_TYPE], [THUMBNAIL_URL]) VALUES (N'http://tykzp.localu90/sucst/lwcpg/zxeae/qwcgn.aspx', 7, 10, 11, N'et gravis', N'https://ojidj.local93/mfubz/kes.htm')
INSERT [dbo].[AFBEELDING] ([URL], [PROJECTNUMMER], [RAPPORTNUMMER], [REGELNUMMER], [AFBEELDING_TYPE], [THUMBNAIL_URL]) VALUES (N'http://yeygk.localq30/nuxmk/gmkoz/tthlo/gbpwz.htm', 16, 2, 2, N'estum.', N'http://gqr.web11/tacif/gnaiq/zawpw/dnd.html')
INSERT [dbo].[AFBEELDING] ([URL], [PROJECTNUMMER], [RAPPORTNUMMER], [REGELNUMMER], [AFBEELDING_TYPE], [THUMBNAIL_URL]) VALUES (N'http://zfbns.localf84/gbsnj/nfexw/ugpbl/qjrob/zvip.aspx', 18, 5, 6, N'regit,', N'https://otz.web2/oiqxd/glg.htm')
INSERT [dbo].[AFBEELDING] ([URL], [PROJECTNUMMER], [RAPPORTNUMMER], [REGELNUMMER], [AFBEELDING_TYPE], [THUMBNAIL_URL]) VALUES (N'https://ayggi.locale86/nsima/usehi/ykjhc/hrcxz.htm', 19, 4, 8, N'funem.', N'https://adbzy.netq0/nddaz/cbbrm/zyqvt/xvx.htm')
INSERT [dbo].[AFBEELDING] ([URL], [PROJECTNUMMER], [RAPPORTNUMMER], [REGELNUMMER], [AFBEELDING_TYPE], [THUMBNAIL_URL]) VALUES (N'https://bgeog.webv57/srkhi/alina/ffjoy.htm', 8, 16, 3, N'Multum', N'https://vpumc.webd/rsbuu/qhqot/lfaww/ibp.aspx')
INSERT [dbo].[AFBEELDING] ([URL], [PROJECTNUMMER], [RAPPORTNUMMER], [REGELNUMMER], [AFBEELDING_TYPE], [THUMBNAIL_URL]) VALUES (N'https://derur.locala67/scime/abxzr/ltbfl.html', 15, 15, 12, N'gravis', N'http://xgav.web86/vewmb/jwzjw/dwyn.php')
INSERT [dbo].[AFBEELDING] ([URL], [PROJECTNUMMER], [RAPPORTNUMMER], [REGELNUMMER], [AFBEELDING_TYPE], [THUMBNAIL_URL]) VALUES (N'https://hfxpb.webd75/wbyyj/yfjyj/scdlv/wiynk/yaiim.html', 17, 17, 1, NULL, N'https://nfhkt.web92/blder/fbdrp/yioha/lzunv/axmdb.html')
INSERT [dbo].[AFBEELDING] ([URL], [PROJECTNUMMER], [RAPPORTNUMMER], [REGELNUMMER], [AFBEELDING_TYPE], [THUMBNAIL_URL]) VALUES (N'https://itnzd.netk55/anbyx/bswlq/aanka.aspx', 5, 11, 9, N'et Sed', N'https://jvdh.weby49/fdxih/ojapg/hzqk.aspx')
INSERT [dbo].[AFBEELDING] ([URL], [PROJECTNUMMER], [RAPPORTNUMMER], [REGELNUMMER], [AFBEELDING_TYPE], [THUMBNAIL_URL]) VALUES (N'https://lzewg.neta88/sqfpf/bxquo/jesel.html', 19, 4, 8, N'Et esset', N'http://fkna.webn/zkrzg/hqleo/kxafm/bkjiw/yzhz.html')
INSERT [dbo].[AFBEELDING] ([URL], [PROJECTNUMMER], [RAPPORTNUMMER], [REGELNUMMER], [AFBEELDING_TYPE], [THUMBNAIL_URL]) VALUES (N'https://oxpyj.webt67/mjula/kcrhj/kxvce/iizrs.html', 17, 8, 0, N'imaginator', N'https://yoz.webc57/lhhgk/fifsa/kvmst.php')
INSERT [dbo].[AFBEELDING] ([URL], [PROJECTNUMMER], [RAPPORTNUMMER], [REGELNUMMER], [AFBEELDING_TYPE], [THUMBNAIL_URL]) VALUES (N'https://qbwne.webs72/uaorc/wlawj/flpye.aspx', 19, 4, 8, N'quantare', N'http://zas.localy4/reiic/whitc/jhbjg/qjqtk.html')
INSERT [dbo].[AFBEELDING] ([URL], [PROJECTNUMMER], [RAPPORTNUMMER], [REGELNUMMER], [AFBEELDING_TYPE], [THUMBNAIL_URL]) VALUES (N'https://sgue.neta08/pqhhu/yxfwt/egmhu.php', 8, 16, 3, N'glavans et', N'http://een.netz6/kfczl/zezlo/ujpim/rcc.aspx')
